filename,filepath,algorithm,original_size,compressed_size,compression_ratio,compression_time,speed_mbps,num_chunks
a.txt,data\academic_corpora\artificial\a.txt,ensemble,1,5,0.2,0.021793365478515625,4.3759845965342203e-05,1.0
aaa.txt,data\academic_corpora\artificial\aaa.txt,ensemble,100000,26,3846.153846153846,0.04900169372558594,1.9462068428632595,2.0
alphabet.txt,data\academic_corpora\artificial\alphabet.txt,ensemble,100000,66,1515.1515151515152,0.05895280838012695,1.6176910695364506,2.0
random.txt,data\academic_corpora\artificial\random.txt,ensemble,100000,75044,1.332551569745749,0.1277909278869629,0.7462770105635511,2.0
bib,data\academic_corpora\calgary\bib,ensemble,111261,30410,3.6586977967773757,0.20480871200561523,0.5180773663317928,2.0
book1,data\academic_corpora\calgary\book1,ensemble,768771,280421,2.7414886902193487,1.4341435432434082,0.5112160225188247,12.0
book2,data\academic_corpora\calgary\book2,ensemble,610856,180030,3.3930789312892298,1.4015593528747559,0.4156496669425843,10.0
geo,data\academic_corpora\calgary\geo,ensemble,102400,53656,1.9084538541821976,0.4449295997619629,0.21948697064040254,2.0
news,data\academic_corpora\calgary\news,ensemble,377109,125522,3.0043259348958746,0.9887492656707764,0.3637314132836924,6.0
obj1,data\academic_corpora\calgary\obj1,ensemble,21504,9341,2.3021089819077187,0.08297920227050781,0.24714400643604184,1.0
obj2,data\academic_corpora\calgary\obj2,ensemble,246814,67360,3.664103325415677,0.6043057441711426,0.38950510565200136,4.0
paper1,data\academic_corpora\calgary\paper1,ensemble,53161,15457,3.4392831726725754,0.10081744194030762,0.5028721157643564,1.0
paper2,data\academic_corpora\calgary\paper2,ensemble,82199,25359,3.2414133049410467,0.15614032745361328,0.5020552756145976,2.0
paper3,data\academic_corpora\calgary\paper3,ensemble,46526,14639,3.1782225561855317,0.09507942199707031,0.4666693414110614,1.0
paper4,data\academic_corpora\calgary\paper4,ensemble,13286,4283,3.1020312864814383,0.03287315368652344,0.3854366115462721,1.0
paper5,data\academic_corpora\calgary\paper5,ensemble,11954,4073,2.934937392585318,0.02774524688720703,0.4108892173375039,1.0
paper6,data\academic_corpora\calgary\paper6,ensemble,38105,11135,3.4220925011225862,0.07709932327270508,0.47133694932864945,1.0
pic,data\academic_corpora\calgary\pic,ensemble,513216,42601,12.047041149268797,1.3315422534942627,0.36757445487317303,8.0
progc,data\academic_corpora\calgary\progc,ensemble,39611,11619,3.409157414579568,0.07201218605041504,0.5245777891081013,1.0
progl,data\academic_corpora\calgary\progl,ensemble,71646,14439,4.96197797631415,0.14110541343688965,0.4842262845131869,2.0
progp,data\academic_corpora\calgary\progp,ensemble,49379,9880,4.997874493927125,0.08967304229736328,0.5251464973571983,1.0
trans,data\academic_corpora\calgary\trans,ensemble,93695,16903,5.543098858190854,0.17312312126159668,0.5161327639227632,2.0
alice29.txt,data\academic_corpora\canterbury\alice29.txt,ensemble,152089,47501,3.2018062777625733,0.27901315689086914,0.5198442063599216,3.0
asyoulik.txt,data\academic_corpora\canterbury\asyoulik.txt,ensemble,125179,42177,2.9679446143632786,0.21466994285583496,0.5561095124229363,2.0
cp.html,data\academic_corpora\canterbury\cp.html,ensemble,24603,6894,3.5687554395126195,0.04803061485290527,0.48850611799161103,1.0
fields.c,data\academic_corpora\canterbury\fields.c,ensemble,11150,2717,4.103790945896209,0.027625083923339844,0.3849207719128664,1.0
grammar.lsp,data\academic_corpora\canterbury\grammar.lsp,ensemble,3721,1124,3.3104982206405693,0.01737666130065918,0.20421771880959894,1.0
kennedy.xls,data\academic_corpora\canterbury\kennedy.xls,ensemble,1029744,61308,16.796241926012918,1.8974485397338867,0.5175583868067203,16.0
lcet10.txt,data\academic_corpora\canterbury\lcet10.txt,ensemble,426754,121916,3.500393713704518,0.7600338459014893,0.5354818491548908,7.0
plrabn12.txt,data\academic_corpora\canterbury\plrabn12.txt,ensemble,481861,170546,2.8254019443434615,0.840883731842041,0.5464946488751381,8.0
ptt5,data\academic_corpora\canterbury\ptt5,ensemble,513216,42601,12.047041149268797,1.2671728134155273,0.3862463846975338,8.0
sum,data\academic_corpora\canterbury\sum,ensemble,38240,9452,4.045704612780364,0.08141613006591797,0.44792728209813637,1.0
xargs.1,data\academic_corpora\canterbury\xargs.1,ensemble,4227,1464,2.887295081967213,0.017212390899658203,0.23420228827880432,1.0
concatenated_types.dat,data\academic_corpora\heterogeneous\concatenated_types.dat,ensemble,1524000,523401,2.91172542658497,1.032442569732666,1.4077293021532993,24.0
mixed_code_logs.dat,data\academic_corpora\heterogeneous\mixed_code_logs.dat,ensemble,862490,317396,2.717394044033321,1.2321851253509521,0.6675413817570242,14.0
mixed_formats.dat,data\academic_corpora\heterogeneous\mixed_formats.dat,ensemble,516061,41876,12.32355048237654,0.49909067153930664,0.9861016233403301,8.0
mixed_text_binary.dat,data\academic_corpora\heterogeneous\mixed_text_binary.dat,ensemble,629800,223278,2.8206988597174822,0.7047078609466553,0.852302234383791,10.0
multimedia_sim.dat,data\academic_corpora\heterogeneous\multimedia_sim.dat,ensemble,2058300,2048683,1.0046942352721235,3.6404953002929688,0.5391980166273024,32.0
bible.txt,data\academic_corpora\large\bible.txt,ensemble,4047392,1050895,3.8513762078989813,7.491165399551392,0.5152594546983671,62.0
E.coli,data\academic_corpora\large\E.coli,ensemble,4638690,1157706,4.006794471135159,12.423297643661499,0.3560889903517347,71.0
world192.txt,data\academic_corpora\large\world192.txt,ensemble,2473400,647256,3.8213627992633517,4.340872287750244,0.543397247796417,38.0
pi.txt,data\academic_corpora\miscellaneous\pi.txt,ensemble,1000000,424669,2.354775130748889,1.1629304885864258,0.8200613241858227,16.0
a.txt,data\academic_corpora\artificial\a.txt,gzip,1,21,0.047619047619047616,0.0,0.0,
a.txt,data\academic_corpora\artificial\a.txt,bzip2,1,37,0.02702702702702703,0.0,0.0,
a.txt,data\academic_corpora\artificial\a.txt,lzma,1,60,0.016666666666666666,0.01712512969970703,5.5688589408030296e-05,
a.txt,data\academic_corpora\artificial\a.txt,zstd,1,10,0.1,0.0,0.0,
a.txt,data\academic_corpora\artificial\a.txt,brotli,1,5,0.2,0.0,0.0,
aaa.txt,data\academic_corpora\artificial\aaa.txt,gzip,100000,133,751.8796992481203,0.0,0.0,
aaa.txt,data\academic_corpora\artificial\aaa.txt,bzip2,100000,47,2127.659574468085,0.0,0.0,
aaa.txt,data\academic_corpora\artificial\aaa.txt,lzma,100000,148,675.6756756756756,0.01782703399658203,5.349596105494035,
aaa.txt,data\academic_corpora\artificial\aaa.txt,zstd,100000,21,4761.9047619047615,0.0010080337524414062,94.6073793755913,
aaa.txt,data\academic_corpora\artificial\aaa.txt,brotli,100000,14,7142.857142857143,0.00810384750366211,11.768167107972934,
alphabet.txt,data\academic_corpora\artificial\alphabet.txt,gzip,100000,302,331.12582781456956,0.00051116943359375,186.56716417910448,
alphabet.txt,data\academic_corpora\artificial\alphabet.txt,bzip2,100000,131,763.3587786259542,0.011000871658325195,8.669079560477666,
alphabet.txt,data\academic_corpora\artificial\alphabet.txt,lzma,100000,176,568.1818181818181,0.018649578094482422,5.113650891053668,
alphabet.txt,data\academic_corpora\artificial\alphabet.txt,zstd,100000,46,2173.913043478261,0.0010046958923339844,94.92168960607499,
alphabet.txt,data\academic_corpora\artificial\alphabet.txt,brotli,100000,34,2941.176470588235,0.004998207092285156,19.080328181644724,
random.txt,data\academic_corpora\artificial\random.txt,gzip,100000,75747,1.3201842977279628,0.003004789352416992,31.73847496627787,
random.txt,data\academic_corpora\artificial\random.txt,bzip2,100000,75684,1.3212832302732413,0.005625247955322266,16.95346274476562,
random.txt,data\academic_corpora\artificial\random.txt,lzma,100000,76824,1.3016765594085182,0.03784799575805664,2.519748529096796,
random.txt,data\academic_corpora\artificial\random.txt,zstd,100000,75114,1.3313097425246958,0.008997201919555664,10.599676709860349,
random.txt,data\academic_corpora\artificial\random.txt,brotli,100000,75022,1.332942336914505,0.06033730506896973,1.5805716137241033,
bib,data\academic_corpora\calgary\bib,gzip,111261,35083,3.1713650485990366,0.005993366241455078,17.704033733789483,
bib,data\academic_corpora\calgary\bib,bzip2,111261,27467,4.0507154039392725,0.00699305534362793,15.173161501483072,
bib,data\academic_corpora\calgary\bib,lzma,111261,30588,3.6374068262063552,0.03855252265930176,2.7522649829005386,
bib,data\academic_corpora\calgary\bib,zstd,111261,31936,3.483873997995992,0.03898811340332031,2.72151558142948,
bib,data\academic_corpora\calgary\bib,brotli,111261,28380,3.9204016913319237,0.1123802661895752,0.9441760703670466,
book1,data\academic_corpora\calgary\book1,gzip,768771,312498,2.460082944530845,0.056777238845825195,12.912870946204139,
book1,data\academic_corpora\calgary\book1,bzip2,768771,232598,3.305148797496109,0.04878044128417969,15.029736070381231,
book1,data\academic_corpora\calgary\book1,lzma,768771,261116,2.944174236737695,0.22980308532714844,3.1903712556958244,
book1,data\academic_corpora\calgary\book1,zstd,768771,264765,2.9035975298849923,0.2040400505065918,3.593202197694337,
book1,data\academic_corpora\calgary\book1,brotli,768771,256323,2.999227537130886,1.089348554611206,0.6730234825157653,
book2,data\academic_corpora\calgary\book2,gzip,610856,206147,2.9632058676575452,0.03728032112121582,15.626412560355579,
book2,data\academic_corpora\calgary\book2,bzip2,610856,157443,3.8798549316260487,0.05667614936828613,10.278709558003845,
book2,data\academic_corpora\calgary\book2,lzma,610856,169824,3.5969945355191255,0.2233271598815918,2.6085393220042232,
book2,data\academic_corpora\calgary\book2,zstd,610856,173849,3.513715925889709,0.21423816680908203,2.719205858131719,
book2,data\academic_corpora\calgary\book2,brotli,610856,165262,3.6962883179436288,0.9439692497253418,0.6171362874290215,
geo,data\academic_corpora\calgary\geo,gzip,102400,68373,1.4976672078159508,0.019449949264526367,5.020899986516138,
geo,data\academic_corpora\calgary\geo,bzip2,102400,56921,1.7989845575446672,0.007537364959716797,12.95628519010565,
geo,data\academic_corpora\calgary\geo,lzma,102400,53364,1.9188966344351999,0.06238198280334473,1.5654560116797696,
geo,data\academic_corpora\calgary\geo,zstd,102400,63051,1.6240820922745078,0.03348731994628906,2.9162157543999543,
geo,data\academic_corpora\calgary\geo,brotli,102400,52915,1.9351790607578192,0.31566500663757324,0.3093667272157372,
news,data\academic_corpora\calgary\news,gzip,377109,144492,2.6098953575284445,0.02122950553894043,16.940534348573163,
news,data\academic_corpora\calgary\news,bzip2,377109,118600,3.1796711635750423,0.032030582427978516,11.227993390201421,
news,data\academic_corpora\calgary\news,lzma,377109,118900,3.1716484440706476,0.20245790481567383,1.7763651565646454,
news,data\academic_corpora\calgary\news,zstd,377109,122700,3.0734229828850856,0.16993451118469238,2.1163397904194556,
news,data\academic_corpora\calgary\news,brotli,377109,112968,3.338193116634799,0.7180655002593994,0.5008445157937901,
obj1,data\academic_corpora\calgary\obj1,gzip,21504,10329,2.0819053151321523,0.0014798641204833984,13.857902368293862,
obj1,data\academic_corpora\calgary\obj1,bzip2,21504,10787,1.9935107073329008,0.0030078887939453125,6.818008877615726,
obj1,data\academic_corpora\calgary\obj1,lzma,21504,9428,2.2808655070004242,0.0322110652923584,0.6366698000784586,
obj1,data\academic_corpora\calgary\obj1,zstd,21504,9829,2.1878115779835183,0.005137443542480469,3.9918321886021904,
obj1,data\academic_corpora\calgary\obj1,brotli,21504,9341,2.3021089819077187,0.02887892723083496,0.7101306892765444,
obj2,data\academic_corpora\calgary\obj2,gzip,246814,81027,3.046071062732176,0.021876096725463867,10.75969701923601,
obj2,data\academic_corpora\calgary\obj2,bzip2,246814,76441,3.2288169961146505,0.019840478897094727,11.863633632551041,
obj2,data\academic_corpora\calgary\obj2,lzma,246814,61504,4.012974765868886,0.09283280372619629,2.5355279952949514,
obj2,data\academic_corpora\calgary\obj2,zstd,246814,70224,3.514667350193666,0.09519243240356445,2.4726773629610337,
obj2,data\academic_corpora\calgary\obj2,brotli,246814,65203,3.7853166265355886,0.42621660232543945,0.5522548193694404,
paper1,data\academic_corpora\calgary\paper1,gzip,53161,18536,2.867986620630125,0.002556324005126953,19.832493937698192,
paper1,data\academic_corpora\calgary\paper1,bzip2,53161,16558,3.2105930667955067,0.0029981136322021484,16.910059642147118,
paper1,data\academic_corpora\calgary\paper1,lzma,53161,17280,3.0764467592592593,0.019010305404663086,2.6668840534269767,
paper1,data\academic_corpora\calgary\paper1,zstd,53161,17618,3.017425360426836,0.015005111694335938,3.3787339519511885,
paper1,data\academic_corpora\calgary\paper1,brotli,53161,15457,3.4392831726725754,0.05389881134033203,0.9406196365695277,
paper2,data\academic_corpora\calgary\paper2,gzip,82199,29677,2.7697880513528994,0.0050144195556640625,15.633130467858502,
paper2,data\academic_corpora\calgary\paper2,bzip2,82199,25041,3.2825765744179547,0.005385398864746094,14.556224544005667,
paper2,data\academic_corpora\calgary\paper2,lzma,82199,27228,3.0189143528720437,0.024476289749145508,3.202735215904774,
paper2,data\academic_corpora\calgary\paper2,zstd,82199,27557,2.982871865587691,0.02547168731689453,3.0775768467557754,
paper2,data\academic_corpora\calgary\paper2,brotli,82199,24850,3.3078068410462778,0.10719108581542969,0.731320842007865,
paper3,data\academic_corpora\calgary\paper3,gzip,46526,18067,2.57519233962473,0.002009153366088867,22.084252996321347,
paper3,data\academic_corpora\calgary\paper3,bzip2,46526,15837,2.937803876996906,0.002312183380126953,19.18993606929264,
paper3,data\academic_corpora\calgary\paper3,lzma,46526,17064,2.726558837318331,0.019870281219482422,2.2330157663602987,
paper3,data\academic_corpora\calgary\paper3,zstd,46526,17183,2.7076761915847056,0.016304969787597656,2.7212961338246475,
paper3,data\academic_corpora\calgary\paper3,brotli,46526,14639,3.1782225561855317,0.05445241928100586,0.814851788607207,
paper4,data\academic_corpora\calgary\paper4,gzip,13286,5527,2.4038357155780714,0.0010104179382324219,12.539877300613497,
paper4,data\academic_corpora\calgary\paper4,bzip2,13286,5188,2.5609097918272936,0.0015916824340820312,7.96045536249251,
paper4,data\academic_corpora\calgary\paper4,lzma,13286,5408,2.456730769230769,0.010027885437011719,1.2635282929148834,
paper4,data\academic_corpora\calgary\paper4,zstd,13286,5369,2.4745762711864407,0.0029897689819335938,4.237958532695375,
paper4,data\academic_corpora\calgary\paper4,brotli,13286,4283,3.1020312864814383,0.014998674392700195,0.8447757872482474,
paper5,data\academic_corpora\calgary\paper5,gzip,11954,4988,2.396551724137931,0.0,0.0,
paper5,data\academic_corpora\calgary\paper5,bzip2,11954,4837,2.4713665495141615,0.0009975433349609375,11.4282982791587,
paper5,data\academic_corpora\calgary\paper5,lzma,11954,4900,2.439591836734694,0.010010719299316406,1.138801562351148,
paper5,data\academic_corpora\calgary\paper5,zstd,11954,4865,2.4571428571428573,0.0030066967010498047,3.7916104987709143,
paper5,data\academic_corpora\calgary\paper5,brotli,11954,4073,2.934937392585318,0.01251077651977539,0.9112322292945078,
paper6,data\academic_corpora\calgary\paper6,gzip,38105,13292,2.866761962082456,0.0010106563568115234,35.95659353621137,
paper6,data\academic_corpora\calgary\paper6,bzip2,38105,12292,3.0999837292548,0.003557443618774414,10.215133033978956,
paper6,data\academic_corpora\calgary\paper6,lzma,38105,12504,3.0474248240563018,0.020287275314331055,1.7912587700226816,
paper6,data\academic_corpora\calgary\paper6,zstd,38105,12728,2.9937932118164676,0.011333465576171875,3.2064119824974755,
paper6,data\academic_corpora\calgary\paper6,brotli,38105,11135,3.4220925011225862,0.041814327239990234,0.8690743633896295,
pic,data\academic_corpora\calgary\pic,gzip,513216,52233,9.825512606972604,0.06669998168945312,7.33794681155276,
pic,data\academic_corpora\calgary\pic,bzip2,513216,49759,10.314033642155188,0.008997678756713867,54.39635390444898,
pic,data\academic_corpora\calgary\pic,lzma,513216,41992,12.22175652505239,0.08067131042480469,6.0671001300390115,
pic,data\academic_corpora\calgary\pic,zstd,513216,43640,11.760219981668195,0.2370152473449707,2.0650187000686038,
pic,data\academic_corpora\calgary\pic,brotli,513216,40939,12.536114707247368,0.7659821510314941,0.6389717009850091,
progc,data\academic_corpora\calgary\progc,gzip,39611,13342,2.9688952181082295,0.0020051002502441406,18.839952437574315,
progc,data\academic_corpora\calgary\progc,bzip2,39611,12544,3.157764668367347,0.0026273727416992188,14.377858439201452,
progc,data\academic_corpora\calgary\progc,lzma,39611,12560,3.1537420382165604,0.016103744506835938,2.3457894113466775,
progc,data\academic_corpora\calgary\progc,zstd,39611,12790,3.0970289288506647,0.0106048583984375,3.5621402877697843,
progc,data\academic_corpora\calgary\progc,brotli,39611,11619,3.409157414579568,0.03988456726074219,0.9471330878485008,
progl,data\academic_corpora\calgary\progl,gzip,71646,16158,4.434088377274415,0.004765748977661133,14.337085396968332,
progl,data\academic_corpora\calgary\progl,bzip2,71646,15579,4.598883111881379,0.0046880245208740234,14.57478512943091,
progl,data\academic_corpora\calgary\progl,lzma,71646,14984,4.781500266951415,0.021017074584960938,3.2510209637898178,
progl,data\academic_corpora\calgary\progl,zstd,71646,15153,4.72817263908137,0.029487133026123047,2.317178479600252,
progl,data\academic_corpora\calgary\progl,brotli,71646,14003,5.116475041062629,0.07365703582763672,0.9276364342590794,
progp,data\academic_corpora\calgary\progp,gzip,49379,11180,4.416726296958855,0.004009246826171875,11.745718363463368,
progp,data\academic_corpora\calgary\progp,bzip2,49379,10710,4.610550887021475,0.003004312515258789,15.674628997698596,
progp,data\academic_corpora\calgary\progp,lzma,49379,10352,4.769996136012365,0.01721668243408203,2.73522406248269,
progp,data\academic_corpora\calgary\progp,zstd,49379,10450,4.725263157894737,0.019155263900756836,2.4584095689730283,
progp,data\academic_corpora\calgary\progp,brotli,49379,9880,4.997874493927125,0.049547672271728516,0.9504277781520368,
trans,data\academic_corpora\calgary\trans,gzip,93695,18928,4.950073964497041,0.0034952163696289062,25.564802182810368,
trans,data\academic_corpora\calgary\trans,bzip2,93695,17899,5.234649980445835,0.0064623355865478516,13.82696919387567,
trans,data\academic_corpora\calgary\trans,lzma,93695,16720,5.603767942583732,0.022264719009399414,4.013278363762917,
trans,data\academic_corpora\calgary\trans,zstd,93695,17294,5.4177749508500055,0.04351377487182617,2.05347652183442,
trans,data\academic_corpora\calgary\trans,brotli,93695,15402,6.083300870016881,0.0907289981842041,0.9848506746902469,
alice29.txt,data\academic_corpora\canterbury\alice29.txt,gzip,152089,54182,2.807002325495552,0.010596752166748047,13.687530936417225,
alice29.txt,data\academic_corpora\canterbury\alice29.txt,bzip2,152089,43202,3.520415721494375,0.00966191291809082,15.011869216533004,
alice29.txt,data\academic_corpora\canterbury\alice29.txt,lzma,152089,48492,3.136373009981028,0.03986763954162598,3.6381229181243535,
alice29.txt,data\academic_corpora\canterbury\alice29.txt,zstd,152089,49211,3.090548861027006,0.047025442123413086,3.0843595840579194,
alice29.txt,data\academic_corpora\canterbury\alice29.txt,brotli,152089,46487,3.271645836470411,0.17516231536865234,0.8280512438000556,
asyoulik.txt,data\academic_corpora\canterbury\asyoulik.txt,gzip,125179,48790,2.565669194507071,0.009004831314086914,13.257327437845852,
asyoulik.txt,data\academic_corpora\canterbury\asyoulik.txt,bzip2,125179,39569,3.1635623846950898,0.007998228073120117,14.925805586192507,
asyoulik.txt,data\academic_corpora\canterbury\asyoulik.txt,lzma,125179,44536,2.81073738099515,0.03355145454406738,3.5581168946526915,
asyoulik.txt,data\academic_corpora\canterbury\asyoulik.txt,zstd,125179,45137,2.773312360147994,0.036295175552368164,3.289142301603463,
asyoulik.txt,data\academic_corpora\canterbury\asyoulik.txt,brotli,125179,42712,2.930768870575014,0.13862299919128418,0.8611846371083558,
cp.html,data\academic_corpora\canterbury\cp.html,gzip,24603,7952,3.0939386317907447,0.0,0.0,
cp.html,data\academic_corpora\canterbury\cp.html,bzip2,24603,7624,3.227046169989507,0.002509593963623047,9.349420482614478,
cp.html,data\academic_corpora\canterbury\cp.html,lzma,24603,7644,3.2186028257456827,0.012705326080322266,1.8467254644398574,
cp.html,data\academic_corpora\canterbury\cp.html,zstd,24603,7713,3.189809412679891,0.007769346237182617,3.0199772915579834,
cp.html,data\academic_corpora\canterbury\cp.html,brotli,24603,6894,3.5687554395126195,0.023740530014038086,0.9883203615365302,
fields.c,data\academic_corpora\canterbury\fields.c,gzip,11150,3127,3.5657179405180686,0.0010037422180175781,10.593824228028504,
fields.c,data\academic_corpora\canterbury\fields.c,bzip2,11150,3039,3.668970055939454,0.0005044937133789062,21.07750472589792,
fields.c,data\academic_corpora\canterbury\fields.c,lzma,11150,3028,3.6822985468956406,0.00951695442199707,1.1173184357541899,
fields.c,data\academic_corpora\canterbury\fields.c,zstd,11150,3015,3.6981757877280264,0.0027425289154052734,3.8772494131965574,
fields.c,data\academic_corpora\canterbury\fields.c,brotli,11150,2717,4.103790945896209,0.011974334716796875,0.8880216629499841,
grammar.lsp,data\academic_corpora\canterbury\grammar.lsp,gzip,3721,1234,3.0153970826580228,0.0,0.0,
grammar.lsp,data\academic_corpora\canterbury\grammar.lsp,bzip2,3721,1283,2.9002338269680434,0.0009968280792236328,3.559913896197082,
grammar.lsp,data\academic_corpora\canterbury\grammar.lsp,lzma,3721,1292,2.880030959752322,0.009675741195678711,0.3667545523987877,
grammar.lsp,data\academic_corpora\canterbury\grammar.lsp,zstd,3721,1211,3.0726672171758875,0.0013451576232910156,2.638071605813541,
grammar.lsp,data\academic_corpora\canterbury\grammar.lsp,brotli,3721,1124,3.3104982206405693,0.004846334457397461,0.7322280710385202,
kennedy.xls,data\academic_corpora\canterbury\kennedy.xls,gzip,1029744,207041,4.973623581802638,0.3583717346191406,2.740284208845601,
kennedy.xls,data\academic_corpora\canterbury\kennedy.xls,bzip2,1029744,130280,7.904083512434756,0.039763450622558594,24.697061997841466,
kennedy.xls,data\academic_corpora\canterbury\kennedy.xls,lzma,1029744,49116,20.965550940630344,0.24146747589111328,4.06696761809974,
kennedy.xls,data\academic_corpora\canterbury\kennedy.xls,zstd,1029744,64825,15.884982645584266,0.26386570930480957,3.7217431846705575,
kennedy.xls,data\academic_corpora\canterbury\kennedy.xls,brotli,1029744,61498,16.744349409736902,1.704263687133789,0.5762256232338211,
lcet10.txt,data\academic_corpora\canterbury\lcet10.txt,gzip,426754,144451,2.954316688704128,0.026178598403930664,15.54645221810366,
lcet10.txt,data\academic_corpora\canterbury\lcet10.txt,bzip2,426754,107706,3.9622119473381243,0.023386478424072266,17.402548679783873,
lcet10.txt,data\academic_corpora\canterbury\lcet10.txt,lzma,426754,119500,3.571163179916318,0.09979605674743652,4.078160425252344,
lcet10.txt,data\academic_corpora\canterbury\lcet10.txt,zstd,426754,121336,3.51712599723083,0.10484457015991211,3.881787379192723,
lcet10.txt,data\academic_corpora\canterbury\lcet10.txt,brotli,426754,113416,3.7627318896804685,0.5254611968994141,0.7745278464425593,
plrabn12.txt,data\academic_corpora\canterbury\plrabn12.txt,gzip,481861,194344,2.479423084839254,0.030949831008911133,14.84785036937749,
plrabn12.txt,data\academic_corpora\canterbury\plrabn12.txt,bzip2,481861,145577,3.310007762215185,0.0315556526184082,14.562793719872463,
plrabn12.txt,data\academic_corpora\canterbury\plrabn12.txt,lzma,481861,165412,2.913095785070007,0.12883400917053223,3.566903356780274,
plrabn12.txt,data\academic_corpora\canterbury\plrabn12.txt,zstd,481861,167438,2.8778473225910486,0.11758303642272949,3.908203715081137,
plrabn12.txt,data\academic_corpora\canterbury\plrabn12.txt,brotli,481861,163267,2.9513680045569526,0.5382423400878906,0.8537761256440605,
ptt5,data\academic_corpora\canterbury\ptt5,gzip,513216,52233,9.825512606972604,0.0639810562133789,7.649778652238072,
ptt5,data\academic_corpora\canterbury\ptt5,bzip2,513216,49759,10.314033642155188,0.008385419845581055,58.36808734468738,
ptt5,data\academic_corpora\canterbury\ptt5,lzma,513216,41992,12.22175652505239,0.07827448844909668,6.252879164927949,
ptt5,data\academic_corpora\canterbury\ptt5,zstd,513216,43640,11.760219981668195,0.22657203674316406,2.1602000185202335,
ptt5,data\academic_corpora\canterbury\ptt5,brotli,513216,40939,12.536114707247368,0.7736771106719971,0.6326165156206232,
sum,data\academic_corpora\canterbury\sum,gzip,38240,12850,2.975875486381323,0.005998849868774414,6.079249632367553,
sum,data\academic_corpora\canterbury\sum,bzip2,38240,12909,2.9622743822139594,0.0,0.0,
sum,data\academic_corpora\canterbury\sum,lzma,38240,9452,4.045704612780364,0.0184783935546875,1.9735755573905862,
sum,data\academic_corpora\canterbury\sum,zstd,38240,11107,3.442873863329432,0.0,0.0,
sum,data\academic_corpora\canterbury\sum,brotli,38240,10144,3.769716088328076,0.04462623596191406,0.817198786169167,
xargs.1,data\academic_corpora\canterbury\xargs.1,gzip,4227,1748,2.418192219679634,0.0016918182373046875,2.382750845546787,
xargs.1,data\academic_corpora\canterbury\xargs.1,bzip2,4227,1762,2.398978433598184,0.0012171268463134766,3.312047012732615,
xargs.1,data\academic_corpora\canterbury\xargs.1,lzma,4227,1812,2.3327814569536423,0.0005066394805908203,7.956705882352941,
xargs.1,data\academic_corpora\canterbury\xargs.1,zstd,4227,1724,2.4518561484918795,0.0,0.0,
xargs.1,data\academic_corpora\canterbury\xargs.1,brotli,4227,1464,2.887295081967213,0.0,0.0,
concatenated_types.dat,data\academic_corpora\heterogeneous\concatenated_types.dat,gzip,1524000,563907,2.7025732966606197,0.019632577896118164,74.02999574959014,
concatenated_types.dat,data\academic_corpora\heterogeneous\concatenated_types.dat,bzip2,1524000,543873,2.8021247607437765,0.13608193397521973,10.680327768326592,
concatenated_types.dat,data\academic_corpora\heterogeneous\concatenated_types.dat,lzma,1524000,525276,2.9013318712448313,0.19431495666503906,7.479607762301599,
concatenated_types.dat,data\academic_corpora\heterogeneous\concatenated_types.dat,zstd,1524000,520162,2.929856467792726,0.1635594367980957,8.886064214058523,
concatenated_types.dat,data\academic_corpora\heterogeneous\concatenated_types.dat,brotli,1524000,521858,2.9203346504221455,0.6946613788604736,2.0922419216500705,
mixed_code_logs.dat,data\academic_corpora\heterogeneous\mixed_code_logs.dat,gzip,862490,338649,2.54685529855396,0.021942853927612305,37.48530450372141,
mixed_code_logs.dat,data\academic_corpora\heterogeneous\mixed_code_logs.dat,bzip2,862490,329029,2.6213190934537685,0.11369633674621582,7.234486041474007,
mixed_code_logs.dat,data\academic_corpora\heterogeneous\mixed_code_logs.dat,lzma,862490,318684,2.706411366745742,0.15021681785583496,5.4756489512820306,
mixed_code_logs.dat,data\academic_corpora\heterogeneous\mixed_code_logs.dat,zstd,862490,321348,2.683975005290215,0.2013261318206787,4.085582699665926,
mixed_code_logs.dat,data\academic_corpora\heterogeneous\mixed_code_logs.dat,brotli,862490,318041,2.7118830591024428,0.7297370433807373,1.127165694298011,
mixed_formats.dat,data\academic_corpora\heterogeneous\mixed_formats.dat,gzip,516061,68713,7.510383770174494,0.012654304504394531,38.892230009797274,
mixed_formats.dat,data\academic_corpora\heterogeneous\mixed_formats.dat,bzip2,516061,53893,9.57565917651643,0.07112693786621094,6.919377329650586,
mixed_formats.dat,data\academic_corpora\heterogeneous\mixed_formats.dat,lzma,516061,46836,11.018468699291143,0.04543113708496094,10.832969478147698,
mixed_formats.dat,data\academic_corpora\heterogeneous\mixed_formats.dat,zstd,516061,45796,11.268691588785046,0.06366610527038574,7.730237609302152,
mixed_formats.dat,data\academic_corpora\heterogeneous\mixed_formats.dat,brotli,516061,44027,11.721466372907534,0.31385254859924316,1.5681061810568728,
mixed_text_binary.dat,data\academic_corpora\heterogeneous\mixed_text_binary.dat,gzip,629800,250903,2.510133398165825,0.029230117797851562,20.548123980424144,
mixed_text_binary.dat,data\academic_corpora\heterogeneous\mixed_text_binary.dat,bzip2,629800,244008,2.581062915969968,0.0923154354095459,6.506215150349045,
mixed_text_binary.dat,data\academic_corpora\heterogeneous\mixed_text_binary.dat,lzma,629800,226684,2.7783169522330646,0.08951258659362793,6.709939990890761,
mixed_text_binary.dat,data\academic_corpora\heterogeneous\mixed_text_binary.dat,zstd,629800,234445,2.68634434515558,0.052002668380737305,11.549870481168192,
mixed_text_binary.dat,data\academic_corpora\heterogeneous\mixed_text_binary.dat,brotli,629800,227404,2.7695203250602454,0.3614814281463623,1.6615627739233843,
multimedia_sim.dat,data\academic_corpora\heterogeneous\multimedia_sim.dat,gzip,2058300,2049370,1.0043574366756614,0.04578232765197754,42.87566723082932,
multimedia_sim.dat,data\academic_corpora\heterogeneous\multimedia_sim.dat,bzip2,2058300,2057736,1.0002740876380645,0.18057703971862793,10.870417681658843,
multimedia_sim.dat,data\academic_corpora\heterogeneous\multimedia_sim.dat,lzma,2058300,2056716,1.0007701598081602,0.4638187885284424,4.232143876031473,
multimedia_sim.dat,data\academic_corpora\heterogeneous\multimedia_sim.dat,zstd,2058300,2048744,1.004664321164577,0.20047354698181152,9.791555419713694,
multimedia_sim.dat,data\academic_corpora\heterogeneous\multimedia_sim.dat,brotli,2058300,2058308,0.9999961133124877,1.001427412033081,1.9601499038995156,
bible.txt,data\academic_corpora\large\bible.txt,gzip,4047392,1177362,3.4376784710225063,0.3538334369659424,10.908787569445145,
bible.txt,data\academic_corpora\large\bible.txt,bzip2,4047392,845635,4.786216275343381,0.2164311408996582,17.834281068719445,
bible.txt,data\academic_corpora\large\bible.txt,lzma,4047392,885184,4.572373653387318,1.4661531448364258,2.632667543920701,
bible.txt,data\academic_corpora\large\bible.txt,zstd,4047392,892255,4.536138211609909,1.4335119724273682,2.6926135763569246,
bible.txt,data\academic_corpora\large\bible.txt,brotli,4047392,889339,4.551011481561025,5.5835654735565186,0.6912955202385259,
E.coli,data\academic_corpora\large\E.coli,gzip,4638690,1299729,3.5689670692890596,3.321901321411133,1.331707081801964,
E.coli,data\academic_corpora\large\E.coli,bzip2,4638690,1251004,3.707973755479599,0.28752756118774414,15.385653801313126,
E.coli,data\academic_corpora\large\E.coli,lzma,4638690,1186488,3.909597062928576,2.5663211345672607,1.7237903141519582,
E.coli,data\academic_corpora\large\E.coli,zstd,4638690,1151083,4.029848412321266,2.398359537124634,1.8445105691176524,
E.coli,data\academic_corpora\large\E.coli,brotli,4638690,1138114,4.0757692111686525,9.160601377487183,0.4829158406174407,
world192.txt,data\academic_corpora\large\world192.txt,gzip,2473400,721957,3.4259658123683265,0.1160585880279541,20.324373183232844,
world192.txt,data\academic_corpora\large\world192.txt,bzip2,2473400,489583,5.05205450352647,0.14179635047912598,16.635252220729498,
world192.txt,data\academic_corpora\large\world192.txt,lzma,2473400,487492,5.0737242867575265,0.6216914653778076,3.7941940424833454,
world192.txt,data\academic_corpora\large\world192.txt,zstd,2473400,503855,4.908951980232408,0.8459086418151855,2.7885021355705386,
world192.txt,data\academic_corpora\large\world192.txt,brotli,2473400,474913,5.208111801529965,3.3015823364257812,0.7144507735502432,
pi.txt,data\academic_corpora\miscellaneous\pi.txt,gzip,1000000,470462,2.125570184201912,0.07413363456726074,12.864259549300666,
pi.txt,data\academic_corpora\miscellaneous\pi.txt,bzip2,1000000,431671,2.316579061368496,0.06585550308227539,14.481315482698449,
pi.txt,data\academic_corpora\miscellaneous\pi.txt,lzma,1000000,437952,2.2833552535437676,0.23878240585327148,3.9939053005114196,
pi.txt,data\academic_corpora\miscellaneous\pi.txt,zstd,1000000,426148,2.346602588771976,0.23189568519592285,4.112514278135509,
pi.txt,data\academic_corpora\miscellaneous\pi.txt,brotli,1000000,424914,2.3534173974027683,0.6762545108795166,1.4102298780468456,
