filename,filepath,algorithm,original_size,compressed_size,compressed_size_std,compression_ratio,compression_ratio_std,speed_mbps,speed_mbps_std,memory_mb,memory_mb_std,num_runs
a.txt,data\academic_corpora\artificial\a.txt,gzip,1,21.0,0.0,0.047619047619047616,0.0,0.0,0.0,0.10442708333333334,0.006260841291755887,3
a.txt,data\academic_corpora\artificial\a.txt,bzip2,1,37.0,0.0,0.02702702702702703,0.0,0.0,0.0,0.10000000000000002,1.3877787807814457e-17,3
a.txt,data\academic_corpora\artificial\a.txt,lzma,1,60.0,0.0,0.016666666666666666,0.0,4.942777072847469e-05,1.2445274529980583e-05,0.10000000000000002,1.3877787807814457e-17,3
a.txt,data\academic_corpora\artificial\a.txt,zstd,1,10.0,0.0,0.10000000000000002,1.3877787807814457e-17,0.0,0.0,0.10000000000000002,1.3877787807814457e-17,3
a.txt,data\academic_corpora\artificial\a.txt,brotli,1,5.0,0.0,0.20000000000000004,2.7755575615628914e-17,0.0,0.0,0.21119791666666665,0.1572576018576332,3
aaa.txt,data\academic_corpora\artificial\aaa.txt,gzip,100000,133.0,0.0,751.8796992481203,0.0,3.1764939448084175,4.4922408175440784,0.10000000000000002,1.3877787807814457e-17,3
aaa.txt,data\academic_corpora\artificial\aaa.txt,bzip2,100000,47.0,0.0,2127.659574468085,0.0,11.728829462819611,16.587069697080636,0.10000000000000002,1.3877787807814457e-17,3
aaa.txt,data\academic_corpora\artificial\aaa.txt,lzma,100000,148.0,0.0,675.6756756756756,0.0,5.2149043235437,1.4595826131461047,0.10000000000000002,1.3877787807814457e-17,3
aaa.txt,data\academic_corpora\artificial\aaa.txt,zstd,100000,21.0,0.0,4761.9047619047615,0.0,64.68444856725954,86.54034477074862,0.10000000000000002,1.3877787807814457e-17,3
aaa.txt,data\academic_corpora\artificial\aaa.txt,brotli,100000,14.0,0.0,7142.857142857142,9.094947017729282e-13,3.729185440668721,2.6415680697629296,0.10000000000000002,1.3877787807814457e-17,3
alphabet.txt,data\academic_corpora\artificial\alphabet.txt,gzip,100000,302.0,0.0,331.12582781456956,0.0,36.628916151829486,25.91803053666452,0.13828125,0.05413786293459505,3
alphabet.txt,data\academic_corpora\artificial\alphabet.txt,bzip2,100000,131.0,0.0,763.3587786259542,0.0,6.017059404518147,0.9513311988911721,0.10000000000000002,1.3877787807814457e-17,3
alphabet.txt,data\academic_corpora\artificial\alphabet.txt,lzma,100000,176.0,0.0,568.1818181818181,0.0,6.741718839460565,3.160023627025953,0.10000000000000002,1.3877787807814457e-17,3
alphabet.txt,data\academic_corpora\artificial\alphabet.txt,zstd,100000,46.0,0.0,2173.913043478261,0.0,4.170967977393354,5.898639481853557,0.10000000000000002,1.3877787807814457e-17,3
alphabet.txt,data\academic_corpora\artificial\alphabet.txt,brotli,100000,34.0,0.0,2941.1764705882356,4.547473508864641e-13,7.218789095469343,6.276951371609776,0.10000000000000002,1.3877787807814457e-17,3
random.txt,data\academic_corpora\artificial\random.txt,gzip,100000,75747.0,0.0,1.3201842977279628,0.0,74.36970926043655,79.7849293780902,0.18125,0.11490485194281397,3
random.txt,data\academic_corpora\artificial\random.txt,bzip2,100000,75684.0,0.0,1.3212832302732413,0.0,9.544976660232999,2.3343729553016366,0.10052083333333334,0.0007365695637359844,3
random.txt,data\academic_corpora\artificial\random.txt,lzma,100000,76824.0,0.0,1.3016765594085182,0.0,2.7129651649974513,0.5498800784647665,0.10000000000000002,1.3877787807814457e-17,3
random.txt,data\academic_corpora\artificial\random.txt,zstd,100000,75114.0,0.0,1.3313097425246958,0.0,7.510635276241056,3.966694950875847,0.10000000000000002,1.3877787807814457e-17,3
random.txt,data\academic_corpora\artificial\random.txt,brotli,100000,75022.0,0.0,1.332942336914505,0.0,0.9746529019276986,0.07055196603720568,0.7117187500000001,0.44013020756291543,3
bib,data\academic_corpora\calgary\bib,gzip,111261,35083.0,0.0,3.171365048599037,4.440892098500626e-16,10.99831511276796,0.5602031554030936,0.1578125,0.08175922157469456,3
bib,data\academic_corpora\calgary\bib,bzip2,111261,27467.0,0.0,4.0507154039392725,0.0,9.171659298361396,0.9389523447490508,0.10000000000000002,1.3877787807814457e-17,3
bib,data\academic_corpora\calgary\bib,lzma,111261,30588.0,0.0,3.6374068262063552,0.0,1.976669718261503,0.038552285661100166,0.10000000000000002,1.3877787807814457e-17,3
bib,data\academic_corpora\calgary\bib,zstd,111261,31936.0,0.0,3.483873997995992,0.0,1.549769060013703,0.06553759443391112,0.10000000000000002,1.3877787807814457e-17,3
bib,data\academic_corpora\calgary\bib,brotli,111261,28380.0,0.0,3.9204016913319237,0.0,0.5578340967293566,0.013626783881560653,0.12005208333333332,0.028357928203835498,3
book1,data\academic_corpora\calgary\book1,gzip,768771,312498.0,0.0,2.460082944530845,0.0,7.70421369454071,0.04868054261987973,0.41484375,0.28843752821415536,3
book1,data\academic_corpora\calgary\book1,bzip2,768771,232598.0,0.0,3.305148797496109,0.0,9.047686239430439,0.13162274042645616,0.3106770833333333,0.21706600068761087,3
book1,data\academic_corpora\calgary\book1,lzma,768771,261116.0,0.0,2.944174236737695,0.0,2.103982064807405,0.13897992389162017,0.22421875,0.1756718409510329,3
book1,data\academic_corpora\calgary\book1,zstd,768771,264765.0,0.0,2.9035975298849923,0.0,2.4109766016313965,0.004114183852156416,0.21171874999999998,0.0790131804339736,3
book1,data\academic_corpora\calgary\book1,brotli,768771,256323.0,0.0,2.9992275371308863,4.440892098500626e-16,0.5138199015136046,0.06859882980303245,0.20260416666666667,0.07283198207413569,3
book2,data\academic_corpora\calgary\book2,gzip,610856,206147.0,0.0,2.963205867657545,4.440892098500626e-16,16.460589778917605,2.052411505304229,0.23385416666666667,0.12796187108427606,3
book2,data\academic_corpora\calgary\book2,bzip2,610856,157443.0,0.0,3.8798549316260487,0.0,12.8890236425214,0.6343402269623745,0.3098958333333333,0.19872880248158267,3
book2,data\academic_corpora\calgary\book2,lzma,610856,169824.0,0.0,3.596994535519125,4.440892098500626e-16,3.215182826644456,0.10565903568208429,0.26953125,0.17720775347208992,3
book2,data\academic_corpora\calgary\book2,zstd,610856,173849.0,0.0,3.513715925889709,0.0,3.265300970101416,0.1293407272093002,0.12526041666666665,0.035723623841195366,3
book2,data\academic_corpora\calgary\book2,brotli,610856,165262.0,0.0,3.6962883179436283,4.440892098500626e-16,0.5538451701567272,0.016052404876169057,0.7252604166666666,0.3618198840199668,3
geo,data\academic_corpora\calgary\geo,gzip,102400,68373.0,0.0,1.4976672078159508,0.0,4.700644508916194,0.1786289886619737,0.23854166666666665,0.19592750395377254,3
geo,data\academic_corpora\calgary\geo,bzip2,102400,56921.0,0.0,1.7989845575446672,0.0,12.476688317302786,0.49663609268522124,0.10000000000000002,1.3877787807814457e-17,3
geo,data\academic_corpora\calgary\geo,lzma,102400,53364.0,0.0,1.9188966344351999,0.0,2.2464484261459012,0.03617982220042265,0.10000000000000002,1.3877787807814457e-17,3
geo,data\academic_corpora\calgary\geo,zstd,102400,63051.0,0.0,1.6240820922745078,0.0,4.042717070993805,0.10389943012032728,0.10000000000000002,1.3877787807814457e-17,3
geo,data\academic_corpora\calgary\geo,brotli,102400,52915.0,0.0,1.9351790607578192,0.0,0.27139006935122584,0.002960733126557993,0.10182291666666667,0.002577993473075952,3
news,data\academic_corpora\calgary\news,gzip,377109,144492.0,0.0,2.6098953575284445,0.0,18.463278257046206,0.681899174587011,0.22395833333333334,0.06507811978958229,3
news,data\academic_corpora\calgary\news,bzip2,377109,118600.0,0.0,3.1796711635750423,0.0,13.1546553564781,0.7518874504073969,0.10442708333333334,0.006260841291755887,3
news,data\academic_corpora\calgary\news,lzma,377109,118900.0,0.0,3.1716484440706476,0.0,3.2209245074501798,0.0637972768363083,0.10000000000000002,1.3877787807814457e-17,3
news,data\academic_corpora\calgary\news,zstd,377109,122700.0,0.0,3.0734229828850856,0.0,3.007720261041035,0.15759433519621502,0.10000000000000002,1.3877787807814457e-17,3
news,data\academic_corpora\calgary\news,brotli,377109,112968.0,0.0,3.3381931166347996,4.440892098500626e-16,0.5274176260543803,0.0028506343614613607,0.10312500000000001,0.004419417382415919,3
obj1,data\academic_corpora\calgary\obj1,gzip,21504,10329.0,0.0,2.0819053151321523,0.0,17.016220086632618,4.895260308231948,0.13307291666666665,0.04677216729723517,3
obj1,data\academic_corpora\calgary\obj1,bzip2,21504,10787.0,0.0,1.993510707332901,2.220446049250313e-16,7.95375701932669,1.716443327690782,0.1434895833333333,0.061503558571954914,3
obj1,data\academic_corpora\calgary\obj1,lzma,21504,9428.0,0.0,2.2808655070004242,0.0,0.9384023115067096,0.07368980954090684,0.10000000000000002,1.3877787807814457e-17,3
obj1,data\academic_corpora\calgary\obj1,zstd,21504,9829.0,0.0,2.1878115779835183,0.0,4.478475366037947,0.8996087307617046,0.27109374999999997,0.24196310168727173,3
obj1,data\academic_corpora\calgary\obj1,brotli,21504,9341.0,0.0,2.3021089819077187,0.0,0.6712996822249894,0.030353230739987625,0.10000000000000002,1.3877787807814457e-17,3
obj2,data\academic_corpora\calgary\obj2,gzip,246814,81027.0,0.0,3.046071062732176,0.0,10.917227987745179,0.7113239471616492,0.1473958333333333,0.06702783029997482,3
obj2,data\academic_corpora\calgary\obj2,bzip2,246814,76441.0,0.0,3.2288169961146505,0.0,13.815837878348711,0.6329949608135567,0.10000000000000002,1.3877787807814457e-17,3
obj2,data\academic_corpora\calgary\obj2,lzma,246814,61504.0,0.0,4.012974765868886,0.0,2.9928048528403344,0.08513713976433626,0.10000000000000002,1.3877787807814457e-17,3
obj2,data\academic_corpora\calgary\obj2,zstd,246814,70224.0,0.0,3.514667350193666,0.0,2.7144992499199474,0.07470194254893842,0.10000000000000002,1.3877787807814457e-17,3
obj2,data\academic_corpora\calgary\obj2,brotli,246814,65203.0,0.0,3.785316626535588,4.440892098500626e-16,0.5024993192475754,0.009184348398657458,0.31406249999999997,0.3027300906954906,3
paper1,data\academic_corpora\calgary\paper1,gzip,53161,18536.0,0.0,2.867986620630125,0.0,7.867019290850254,6.924629363229271,0.10052083333333334,0.0007365695637359844,3
paper1,data\academic_corpora\calgary\paper1,bzip2,53161,16558.0,0.0,3.2105930667955067,0.0,1.0798825883380563,1.527184602198241,0.10000000000000002,1.3877787807814457e-17,3
paper1,data\academic_corpora\calgary\paper1,lzma,53161,17280.0,0.0,3.0764467592592593,0.0,1.6406613677942665,0.20731646600039955,0.10000000000000002,1.3877787807814457e-17,3
paper1,data\academic_corpora\calgary\paper1,zstd,53161,17618.0,0.0,3.017425360426836,0.0,3.037210319443331,1.1593528591087703,0.10000000000000002,1.3877787807814457e-17,3
paper1,data\academic_corpora\calgary\paper1,brotli,53161,15457.0,0.0,3.439283172672576,4.440892098500626e-16,0.7711100592649784,0.08498630184794108,0.10000000000000002,1.3877787807814457e-17,3
paper2,data\academic_corpora\calgary\paper2,gzip,82199,29677.0,0.0,2.7697880513528994,0.0,2.610921854031176,3.6924010962671954,0.11484375000000001,0.020992232566475626,3
paper2,data\academic_corpora\calgary\paper2,bzip2,82199,25041.0,0.0,3.2825765744179543,4.440892098500626e-16,3.103620660911673,2.2063640518364407,0.10000000000000002,1.3877787807814457e-17,3
paper2,data\academic_corpora\calgary\paper2,lzma,82199,27228.0,0.0,3.0189143528720437,0.0,2.2577524532750908,0.30286013991201044,0.10000000000000002,1.3877787807814457e-17,3
paper2,data\academic_corpora\calgary\paper2,zstd,82199,27557.0,0.0,2.982871865587691,0.0,2.4748842438287637,0.003400854568878947,0.10000000000000002,1.3877787807814457e-17,3
paper2,data\academic_corpora\calgary\paper2,brotli,82199,24850.0,0.0,3.3078068410462778,0.0,0.6390999883287876,0.0647070468181179,0.10000000000000002,1.3877787807814457e-17,3
paper3,data\academic_corpora\calgary\paper3,gzip,46526,18067.0,0.0,2.57519233962473,0.0,14.35710282261695,0.6140357126898481,0.14088541666666665,0.057820710753274975,3
paper3,data\academic_corpora\calgary\paper3,bzip2,46526,15837.0,0.0,2.937803876996906,0.0,10.70025357641135,0.5649774787635863,0.10000000000000002,1.3877787807814457e-17,3
paper3,data\academic_corpora\calgary\paper3,lzma,46526,17064.0,0.0,2.726558837318331,0.0,1.543321407468171,0.23632032429612798,0.10000000000000002,1.3877787807814457e-17,3
paper3,data\academic_corpora\calgary\paper3,zstd,46526,17183.0,0.0,2.707676191584705,4.440892098500626e-16,3.099171449202863,0.09924204818756255,0.10000000000000002,1.3877787807814457e-17,3
paper3,data\academic_corpora\calgary\paper3,brotli,46526,14639.0,0.0,3.1782225561855317,0.0,0.7609881149734049,0.011599935554670652,0.10000000000000002,1.3877787807814457e-17,3
paper4,data\academic_corpora\calgary\paper4,gzip,13286,5527.0,0.0,2.4038357155780714,0.0,8.258991181688456,5.857713121434999,0.10963541666666667,0.013626536929115758,3
paper4,data\academic_corpora\calgary\paper4,bzip2,13286,5188.0,0.0,2.5609097918272936,0.0,10.665658715074025,2.6247527619927427,0.1578125,0.08175922157469456,3
paper4,data\academic_corpora\calgary\paper4,lzma,13286,5408.0,0.0,2.456730769230769,0.0,0.8328658659466502,0.013674887482053031,0.10000000000000002,1.3877787807814457e-17,3
paper4,data\academic_corpora\calgary\paper4,zstd,13286,5369.0,0.0,2.4745762711864407,0.0,4.0024006779552606,0.288966671168237,0.196875,0.1370019388548936,3
paper4,data\academic_corpora\calgary\paper4,brotli,13286,4283.0,0.0,3.1020312864814383,0.0,0.6916214139528192,0.01746819816576865,0.10000000000000002,1.3877787807814457e-17,3
paper5,data\academic_corpora\calgary\paper5,gzip,11954,4988.0,0.0,2.396551724137931,0.0,3.8508496416203593,5.445923789839085,0.10572916666666667,0.008102265201095854,3
paper5,data\academic_corpora\calgary\paper5,bzip2,11954,4837.0,0.0,2.4713665495141615,0.0,9.00140103699934,1.7383788052952422,0.11354166666666667,0.01915080865713566,3
paper5,data\academic_corpora\calgary\paper5,lzma,11954,4900.0,0.0,2.439591836734694,0.0,0.7648850639787353,0.04983742318200333,0.10000000000000002,1.3877787807814457e-17,3
paper5,data\academic_corpora\calgary\paper5,zstd,11954,4865.0,0.0,2.4571428571428573,0.0,3.304034236204876,0.7018960684995784,0.19557291666666665,0.13516051494555362,3
paper5,data\academic_corpora\calgary\paper5,brotli,11954,4073.0,0.0,2.934937392585318,0.0,0.7400995116125698,0.02036962237779507,0.10000000000000002,1.3877787807814457e-17,3
paper6,data\academic_corpora\calgary\paper6,gzip,38105,13292.0,0.0,2.8667619620824554,4.440892098500626e-16,22.147081596847357,10.362989051243503,0.12916666666666665,0.04124789556921527,3
paper6,data\academic_corpora\calgary\paper6,bzip2,38105,12292.0,0.0,3.0999837292548,0.0,11.035039565566173,1.539033764864642,0.10000000000000002,1.3877787807814457e-17,3
paper6,data\academic_corpora\calgary\paper6,lzma,38105,12504.0,0.0,3.0474248240563018,0.0,1.7679461346062209,0.23513736634692864,0.10000000000000002,1.3877787807814457e-17,3
paper6,data\academic_corpora\calgary\paper6,zstd,38105,12728.0,0.0,2.993793211816468,4.440892098500626e-16,2.6693918207407883,0.17847808512291485,0.10000000000000002,1.3877787807814457e-17,3
paper6,data\academic_corpora\calgary\paper6,brotli,38105,11135.0,0.0,3.4220925011225862,0.0,0.7191811971973022,0.03348482659855194,0.10000000000000002,1.3877787807814457e-17,3
pic,data\academic_corpora\calgary\pic,gzip,513216,52233.0,0.0,9.825512606972604,0.0,6.186133200927094,0.1321509981606606,0.10052083333333334,0.0007365695637359844,3
pic,data\academic_corpora\calgary\pic,bzip2,513216,49759.0,0.0,10.314033642155188,0.0,45.77743192926109,1.5382743511845027,0.10000000000000002,1.3877787807814457e-17,3
pic,data\academic_corpora\calgary\pic,lzma,513216,41992.0,0.0,12.22175652505239,0.0,4.445218983543843,0.13715688950117272,0.10000000000000002,1.3877787807814457e-17,3
pic,data\academic_corpora\calgary\pic,zstd,513216,43640.0,0.0,11.760219981668195,0.0,1.7204215469951114,0.03882454187049393,0.10000000000000002,1.3877787807814457e-17,3
pic,data\academic_corpora\calgary\pic,brotli,513216,40939.0,0.0,12.53611470724737,1.7763568394002505e-15,0.49810582949346066,0.023959679878655528,0.3869791666666667,0.40584982961852883,3
progc,data\academic_corpora\calgary\progc,gzip,39611,13342.0,0.0,2.9688952181082295,0.0,14.724203778647686,2.9580182442430045,0.1513020833333333,0.07255210202799472,3
progc,data\academic_corpora\calgary\progc,bzip2,39611,12544.0,0.0,3.157764668367347,0.0,10.933128655094322,1.8341647373031789,0.10000000000000002,1.3877787807814457e-17,3
progc,data\academic_corpora\calgary\progc,lzma,39611,12560.0,0.0,3.1537420382165604,0.0,1.803427617617394,0.30037496310731454,0.10000000000000002,1.3877787807814457e-17,3
progc,data\academic_corpora\calgary\progc,zstd,39611,12790.0,0.0,3.0970289288506643,4.440892098500626e-16,2.625875491451768,0.32966523997306785,0.10000000000000002,1.3877787807814457e-17,3
progc,data\academic_corpora\calgary\progc,brotli,39611,11619.0,0.0,3.409157414579568,0.0,0.8044730740192803,0.030313457424838184,0.10000000000000002,1.3877787807814457e-17,3
progl,data\academic_corpora\calgary\progl,gzip,71646,16158.0,0.0,4.434088377274415,0.0,13.310973301129186,2.6672084863538057,0.10000000000000002,1.3877787807814457e-17,3
progl,data\academic_corpora\calgary\progl,bzip2,71646,15579.0,0.0,4.598883111881379,0.0,13.911449076099231,0.33968010590311687,0.10000000000000002,1.3877787807814457e-17,3
progl,data\academic_corpora\calgary\progl,lzma,71646,14984.0,0.0,4.781500266951415,0.0,2.645364797891999,0.08049350538804444,0.10000000000000002,1.3877787807814457e-17,3
progl,data\academic_corpora\calgary\progl,zstd,71646,15153.0,0.0,4.72817263908137,0.0,1.8128922565402619,0.07536369982626376,0.10000000000000002,1.3877787807814457e-17,3
progl,data\academic_corpora\calgary\progl,brotli,71646,14003.0,0.0,5.116475041062629,0.0,0.7621283564760016,0.01027309143352947,0.10000000000000002,1.3877787807814457e-17,3
progp,data\academic_corpora\calgary\progp,gzip,49379,11180.0,0.0,4.416726296958855,0.0,10.83807851644774,1.004706829696586,0.14609375,0.06518640639063485,3
progp,data\academic_corpora\calgary\progp,bzip2,49379,10710.0,0.0,4.610550887021475,0.0,14.366920750051106,1.8338866322303307,0.10000000000000002,1.3877787807814457e-17,3
progp,data\academic_corpora\calgary\progp,lzma,49379,10352.0,0.0,4.769996136012365,0.0,2.3189787700154842,0.1751014461376095,0.10000000000000002,1.3877787807814457e-17,3
progp,data\academic_corpora\calgary\progp,zstd,49379,10450.0,0.0,4.725263157894737,0.0,1.981448219501136,0.12233421086934414,0.10000000000000002,1.3877787807814457e-17,3
progp,data\academic_corpora\calgary\progp,brotli,49379,9880.0,0.0,4.997874493927125,0.0,0.7343868232362655,0.0491051645041968,0.10052083333333334,0.0007365695637359844,3
trans,data\academic_corpora\calgary\trans,gzip,93695,18928.0,0.0,4.950073964497041,0.0,22.76901745741419,4.548975781216809,0.10000000000000002,1.3877787807814457e-17,3
trans,data\academic_corpora\calgary\trans,bzip2,93695,17899.0,0.0,5.234649980445835,0.0,12.211298929055372,1.0432335110863211,0.10000000000000002,1.3877787807814457e-17,3
trans,data\academic_corpora\calgary\trans,lzma,93695,16720.0,0.0,5.603767942583732,0.0,3.030354658686924,0.23959371697193171,0.10000000000000002,1.3877787807814457e-17,3
trans,data\academic_corpora\calgary\trans,zstd,93695,17294.0,0.0,5.4177749508500055,0.0,1.5550220631492475,0.14929983750429948,0.10000000000000002,1.3877787807814457e-17,3
trans,data\academic_corpora\calgary\trans,brotli,93695,15402.0,0.0,6.083300870016881,0.0,0.772005096655675,0.02800729112952135,0.10000000000000002,1.3877787807814457e-17,3
alice29.txt,data\academic_corpora\canterbury\alice29.txt,gzip,152089,54182.0,0.0,2.8070023254955516,4.440892098500626e-16,10.738471950135448,0.5860448386908023,0.1421875,0.05966213466261495,3
alice29.txt,data\academic_corpora\canterbury\alice29.txt,bzip2,152089,43202.0,0.0,3.520415721494375,0.0,13.0153275734561,0.32441590480762106,0.10572916666666667,0.008102265201095854,3
alice29.txt,data\academic_corpora\canterbury\alice29.txt,lzma,152089,48492.0,0.0,3.136373009981028,0.0,2.8868327918838013,0.05330371025005207,0.10000000000000002,1.3877787807814457e-17,3
alice29.txt,data\academic_corpora\canterbury\alice29.txt,zstd,152089,49211.0,0.0,3.090548861027006,0.0,2.5299591077304675,0.0504546323531925,0.10000000000000002,1.3877787807814457e-17,3
alice29.txt,data\academic_corpora\canterbury\alice29.txt,brotli,152089,46487.0,0.0,3.271645836470411,0.0,0.6665529291784748,0.03518106184215491,0.10000000000000002,1.3877787807814457e-17,3
asyoulik.txt,data\academic_corpora\canterbury\asyoulik.txt,gzip,125179,48790.0,0.0,2.565669194507071,0.0,7.8345152666816915,6.479415449864783,0.1513020833333333,0.07255210202799472,3
asyoulik.txt,data\academic_corpora\canterbury\asyoulik.txt,bzip2,125179,39569.0,0.0,3.1635623846950893,4.440892098500626e-16,16.70789941681726,5.092158137823399,0.10000000000000002,1.3877787807814457e-17,3
asyoulik.txt,data\academic_corpora\canterbury\asyoulik.txt,lzma,125179,44536.0,0.0,2.81073738099515,0.0,2.4824399055513293,0.23428004194141122,0.10000000000000002,1.3877787807814457e-17,3
asyoulik.txt,data\academic_corpora\canterbury\asyoulik.txt,zstd,125179,45137.0,0.0,2.773312360147994,0.0,3.016254517899583,0.6722697708461458,0.10000000000000002,1.3877787807814457e-17,3
asyoulik.txt,data\academic_corpora\canterbury\asyoulik.txt,brotli,125179,42712.0,0.0,2.930768870575014,0.0,0.7122144474289059,0.03054032613427619,0.28541666666666665,0.2622187646900114,3
cp.html,data\academic_corpora\canterbury\cp.html,gzip,24603,7952.0,0.0,3.0939386317907442,4.440892098500626e-16,3.8862693993602657,5.496014891610829,0.10312500000000001,0.004419417382415919,3
cp.html,data\academic_corpora\canterbury\cp.html,bzip2,24603,7624.0,0.0,3.227046169989507,0.0,2.061200125667609,2.914977172484261,0.10182291666666667,0.002577993473075952,3
cp.html,data\academic_corpora\canterbury\cp.html,lzma,24603,7644.0,0.0,3.2186028257456827,0.0,1.2054446301443067,0.17983360060522677,0.10000000000000002,1.3877787807814457e-17,3
cp.html,data\academic_corpora\canterbury\cp.html,zstd,24603,7713.0,0.0,3.189809412679891,0.0,2.835475641747175,1.3168726052299544,0.29973958333333334,0.282474427692751,3
cp.html,data\academic_corpora\canterbury\cp.html,brotli,24603,6894.0,0.0,3.5687554395126195,0.0,0.8155678482824067,0.09506576712674515,0.10000000000000002,1.3877787807814457e-17,3
fields.c,data\academic_corpora\canterbury\fields.c,gzip,11150,3127.0,0.0,3.5657179405180686,0.0,1.0145125335517038,1.4347373841463087,0.10572916666666667,0.008102265201095854,3
fields.c,data\academic_corpora\canterbury\fields.c,bzip2,11150,3039.0,0.0,3.668970055939454,0.0,6.940456030392269,1.338442410269608,0.12526041666666665,0.035723623841195366,3
fields.c,data\academic_corpora\canterbury\fields.c,lzma,11150,3028.0,0.0,3.6822985468956406,0.0,0.7228443845455127,0.1192016501574324,0.10000000000000002,1.3877787807814457e-17,3
fields.c,data\academic_corpora\canterbury\fields.c,zstd,11150,3015.0,0.0,3.6981757877280264,0.0,2.9158641999849215,1.7468695688959617,0.19296875,0.13147766712687367,3
fields.c,data\academic_corpora\canterbury\fields.c,brotli,11150,2717.0,0.0,4.103790945896209,0.0,0.6974504138257657,0.12046274622083324,0.10000000000000002,1.3877787807814457e-17,3
grammar.lsp,data\academic_corpora\canterbury\grammar.lsp,gzip,3721,1234.0,0.0,3.0153970826580228,0.0,0.0,0.0,0.10000000000000002,1.3877787807814457e-17,3
grammar.lsp,data\academic_corpora\canterbury\grammar.lsp,bzip2,3721,1283.0,0.0,2.900233826968043,4.440892098500626e-16,2.532075267740612,3.047306854425042,0.10000000000000002,1.3877787807814457e-17,3
grammar.lsp,data\academic_corpora\canterbury\grammar.lsp,lzma,3721,1292.0,0.0,2.880030959752322,0.0,0.19262022993530356,0.1368453977814887,0.10000000000000002,1.3877787807814457e-17,3
grammar.lsp,data\academic_corpora\canterbury\grammar.lsp,zstd,3721,1211.0,0.0,3.0726672171758875,0.0,1.1055101013123214,0.8104033454627644,0.10000000000000002,1.3877787807814457e-17,3
grammar.lsp,data\academic_corpora\canterbury\grammar.lsp,brotli,3721,1124.0,0.0,3.3104982206405693,0.0,0.4375484895647929,0.3441309850485439,0.25416666666666665,0.21802459086585216,3
kennedy.xls,data\academic_corpora\canterbury\kennedy.xls,gzip,1029744,207041.0,0.0,4.973623581802638,0.0,2.1601381521140666,0.01082652841997234,0.17994791666666665,0.11306342803347401,3
kennedy.xls,data\academic_corpora\canterbury\kennedy.xls,bzip2,1029744,130280.0,0.0,7.904083512434756,0.0,18.80760955093137,0.7716330365648827,0.25729166666666664,0.13873341993029495,3
kennedy.xls,data\academic_corpora\canterbury\kennedy.xls,lzma,1029744,49116.0,0.0,20.965550940630344,0.0,2.7925334777599566,0.11035748471965436,0.19557291666666665,0.13516051494555362,3
kennedy.xls,data\academic_corpora\canterbury\kennedy.xls,zstd,1029744,64825.0,0.0,15.884982645584266,0.0,3.042893304630212,0.09956782507665672,0.10000000000000002,1.3877787807814457e-17,3
kennedy.xls,data\academic_corpora\canterbury\kennedy.xls,brotli,1029744,61498.0,0.0,16.744349409736902,0.0,0.46801737128891724,0.003778983736341269,0.34531249999999997,0.34692426451964986,3
lcet10.txt,data\academic_corpora\canterbury\lcet10.txt,gzip,426754,144451.0,0.0,2.9543166887041274,4.440892098500626e-16,12.404674528701586,0.8080493536413244,0.24088541666666666,0.1500845211814459,3
lcet10.txt,data\academic_corpora\canterbury\lcet10.txt,bzip2,426754,107706.0,0.0,3.9622119473381243,0.0,12.500966900894468,0.5206730370224427,0.10052083333333334,0.0007365695637359844,3
lcet10.txt,data\academic_corpora\canterbury\lcet10.txt,lzma,426754,119500.0,0.0,3.571163179916318,0.0,2.680423847192612,0.10743971596219047,0.3263020833333333,0.1997784553113704,3
lcet10.txt,data\academic_corpora\canterbury\lcet10.txt,zstd,426754,121336.0,0.0,3.51712599723083,0.0,3.1018050957345182,0.10373983528417806,0.10703125000000001,0.009943689110435822,3
lcet10.txt,data\academic_corpora\canterbury\lcet10.txt,brotli,426754,113416.0,0.0,3.7627318896804685,0.0,0.6045713503617192,0.015681171039691928,0.27682291666666664,0.2380154197962054,3
plrabn12.txt,data\academic_corpora\canterbury\plrabn12.txt,gzip,481861,194344.0,0.0,2.479423084839254,0.0,8.438062653032938,0.20757037765449032,0.21744791666666666,0.023938510821419578,3
plrabn12.txt,data\academic_corpora\canterbury\plrabn12.txt,bzip2,481861,145577.0,0.0,3.3100077622151844,4.440892098500626e-16,12.502251930699543,0.46720631792484185,0.4075520833333333,0.11304903162056375,3
plrabn12.txt,data\academic_corpora\canterbury\plrabn12.txt,lzma,481861,165412.0,0.0,2.913095785070007,0.0,2.8692032453677867,0.18953399590058853,0.3671875,0.16099564079243472,3
plrabn12.txt,data\academic_corpora\canterbury\plrabn12.txt,zstd,481861,167438.0,0.0,2.8778473225910486,0.0,3.2569386156334006,0.03759711791825322,0.14401041666666667,0.031160897276831138,3
plrabn12.txt,data\academic_corpora\canterbury\plrabn12.txt,brotli,481861,163267.0,0.0,2.9513680045569526,0.0,0.6568575519759677,0.00230551077240166,0.309375,0.25735280987391607,3
ptt5,data\academic_corpora\canterbury\ptt5,gzip,513216,52233.0,0.0,9.825512606972604,0.0,6.427588790089476,0.13917656828649497,0.16953125,0.09833203675875427,3
ptt5,data\academic_corpora\canterbury\ptt5,bzip2,513216,49759.0,0.0,10.314033642155188,0.0,97.14889709119063,73.85975145906268,0.165625,0.09280776503073436,3
ptt5,data\academic_corpora\canterbury\ptt5,lzma,513216,41992.0,0.0,12.22175652505239,0.0,4.853209308179331,0.30744225958743077,0.10000000000000002,1.3877787807814457e-17,3
ptt5,data\academic_corpora\canterbury\ptt5,zstd,513216,43640.0,0.0,11.760219981668195,0.0,1.6631446609457134,0.07839274682987649,0.10000000000000002,1.3877787807814457e-17,3
ptt5,data\academic_corpora\canterbury\ptt5,brotli,513216,40939.0,0.0,12.53611470724737,1.7763568394002505e-15,0.5118914315043104,0.004386972960381616,0.10000000000000002,1.3877787807814457e-17,3
sum,data\academic_corpora\canterbury\sum,gzip,38240,12850.0,0.0,2.975875486381323,0.0,2.7361983751741086,0.3006261252193816,0.1434895833333333,0.061503558571954914,3
sum,data\academic_corpora\canterbury\sum,bzip2,38240,12909.0,0.0,2.9622743822139594,0.0,1.216168940622714,1.7199226099655616,0.10000000000000002,1.3877787807814457e-17,3
sum,data\academic_corpora\canterbury\sum,lzma,38240,9452.0,0.0,4.045704612780364,0.0,1.5441735939125365,0.5406808204938987,0.10000000000000002,1.3877787807814457e-17,3
sum,data\academic_corpora\canterbury\sum,zstd,38240,11107.0,0.0,3.442873863329432,0.0,4.309231961064233,2.795612546825323,0.10000000000000002,1.3877787807814457e-17,3
sum,data\academic_corpora\canterbury\sum,brotli,38240,10144.0,0.0,3.769716088328076,0.0,0.8454107164915537,0.22511325640297927,0.10000000000000002,1.3877787807814457e-17,3
xargs.1,data\academic_corpora\canterbury\xargs.1,gzip,4227,1748.0,0.0,2.418192219679634,0.0,0.0,0.0,0.10000000000000002,1.3877787807814457e-17,3
xargs.1,data\academic_corpora\canterbury\xargs.1,bzip2,4227,1762.0,0.0,2.398978433598184,0.0,0.38732733145488285,0.5477635652212745,0.10000000000000002,1.3877787807814457e-17,3
xargs.1,data\academic_corpora\canterbury\xargs.1,lzma,4227,1812.0,0.0,2.3327814569536423,0.0,0.2603754654412758,0.047648876284935825,0.10000000000000002,1.3877787807814457e-17,3
xargs.1,data\academic_corpora\canterbury\xargs.1,zstd,4227,1724.0,0.0,2.4518561484918795,0.0,0.0,0.0,0.10000000000000002,1.3877787807814457e-17,3
xargs.1,data\academic_corpora\canterbury\xargs.1,brotli,4227,1464.0,0.0,2.887295081967213,0.0,0.6305584761281243,0.5954110076624076,0.2372395833333333,0.1940860800444326,3
concatenated_types.dat,data\academic_corpora\heterogeneous\concatenated_types.dat,gzip,1524000,563907.0,0.0,2.7025732966606193,4.440892098500626e-16,58.235592959063375,16.878632630652906,0.4942708333333334,0.30659547725846714,3
concatenated_types.dat,data\academic_corpora\heterogeneous\concatenated_types.dat,bzip2,1524000,543873.0,0.0,2.8021247607437765,0.0,8.658810698395706,0.204975246961792,0.6140625000000001,0.4333992149938572,3
concatenated_types.dat,data\academic_corpora\heterogeneous\concatenated_types.dat,lzma,1524000,525276.0,0.0,2.9013318712448313,0.0,5.772548571290993,0.2421657959827628,1.1627604166666667,0.2918700462790428,3
concatenated_types.dat,data\academic_corpora\heterogeneous\concatenated_types.dat,zstd,1524000,520162.0,0.0,2.929856467792726,0.0,6.634793311775721,0.34588141044884874,0.5221354166666666,0.02307297545139238,3
concatenated_types.dat,data\academic_corpora\heterogeneous\concatenated_types.dat,brotli,1524000,521858.0,0.0,2.9203346504221455,0.0,1.6189026133880287,0.08829217138486328,0.3692708333333334,0.19051005471150478,3
mixed_code_logs.dat,data\academic_corpora\heterogeneous\mixed_code_logs.dat,gzip,862490,338649.0,0.0,2.54685529855396,0.0,30.632764017348908,0.9398956343093462,0.4109375,0.2957097471462374,3
mixed_code_logs.dat,data\academic_corpora\heterogeneous\mixed_code_logs.dat,bzip2,862490,329029.0,0.0,2.6213190934537685,0.0,5.762960944399427,0.0865380038661842,0.3739583333333334,0.38743559052512916,3
mixed_code_logs.dat,data\academic_corpora\heterogeneous\mixed_code_logs.dat,lzma,862490,318684.0,0.0,2.706411366745742,0.0,4.066263888261314,0.19342755376194562,0.43828125,0.2449215634966121,3
mixed_code_logs.dat,data\academic_corpora\heterogeneous\mixed_code_logs.dat,zstd,862490,321348.0,0.0,2.683975005290215,0.0,2.9950694600682435,0.20471181155871412,0.3177083333333333,0.003682847818679935,3
mixed_code_logs.dat,data\academic_corpora\heterogeneous\mixed_code_logs.dat,brotli,862490,318041.0,0.0,2.7118830591024428,0.0,0.89756673604191,0.018662050179834657,1.1979166666666667,0.5854367072859775,3
mixed_formats.dat,data\academic_corpora\heterogeneous\mixed_formats.dat,gzip,516061,68713.0,0.0,7.510383770174495,8.881784197001252e-16,20.676108732659543,0.5031509587085711,0.10000000000000002,1.3877787807814457e-17,3
mixed_formats.dat,data\academic_corpora\heterogeneous\mixed_formats.dat,bzip2,516061,53893.0,0.0,9.57565917651643,0.0,5.721966931115575,0.07270456375342334,0.1578125,0.08175922157469455,3
mixed_formats.dat,data\academic_corpora\heterogeneous\mixed_formats.dat,lzma,516061,46836.0,0.0,11.018468699291143,0.0,5.90758362059163,0.4121014478788523,0.10000000000000002,1.3877787807814457e-17,3
mixed_formats.dat,data\academic_corpora\heterogeneous\mixed_formats.dat,zstd,516061,45796.0,0.0,11.268691588785046,0.0,6.0212836747054865,0.3198458419871077,0.10000000000000002,1.3877787807814457e-17,3
mixed_formats.dat,data\academic_corpora\heterogeneous\mixed_formats.dat,brotli,516061,44027.0,0.0,11.721466372907534,0.0,1.3418776324904798,0.04685659703650959,0.10000000000000002,1.3877787807814457e-17,3
mixed_text_binary.dat,data\academic_corpora\heterogeneous\mixed_text_binary.dat,gzip,629800,250903.0,0.0,2.510133398165825,0.0,15.224085248636717,1.7484836921175544,0.2359375,0.1922446561350926,3
mixed_text_binary.dat,data\academic_corpora\heterogeneous\mixed_text_binary.dat,bzip2,629800,244008.0,0.0,2.581062915969968,0.0,5.15704212978829,0.06510036999793321,0.41015625,0.24859222776089562,3
mixed_text_binary.dat,data\academic_corpora\heterogeneous\mixed_text_binary.dat,lzma,629800,226684.0,0.0,2.7783169522330646,0.0,4.607815610576422,0.11383163812297047,0.37578125,0.26988993343930967,3
mixed_text_binary.dat,data\academic_corpora\heterogeneous\mixed_text_binary.dat,zstd,629800,234445.0,0.0,2.68634434515558,0.0,8.228670154416953,0.8143782707824263,0.18958333333333333,0.06334498248129487,3
mixed_text_binary.dat,data\academic_corpora\heterogeneous\mixed_text_binary.dat,brotli,629800,227404.0,0.0,2.7695203250602454,0.0,1.3188145295356606,0.02629706546540718,1.2703125,0.8307809218465279,3
multimedia_sim.dat,data\academic_corpora\heterogeneous\multimedia_sim.dat,gzip,2058300,2049370.0,0.0,1.0043574366756614,0.0,35.363623197537464,1.25255546933289,2.0013020833333335,0.06260841291755889,3
multimedia_sim.dat,data\academic_corpora\heterogeneous\multimedia_sim.dat,bzip2,2058300,2057736.0,0.0,1.0002740876380645,0.0,9.02483919904053,0.5452917359380461,1.9856770833333333,0.02946278254943948,3
multimedia_sim.dat,data\academic_corpora\heterogeneous\multimedia_sim.dat,lzma,2058300,2056716.0,0.0,1.0007701598081602,0.0,3.62357521355246,0.4578769080468278,1.9713541666666667,0.009207119546699836,3
multimedia_sim.dat,data\academic_corpora\heterogeneous\multimedia_sim.dat,zstd,2058300,2048744.0,0.0,1.004664321164577,0.0,7.684996085746694,1.051458139519187,1.9635416666666667,0.0018414239093399675,3
multimedia_sim.dat,data\academic_corpora\heterogeneous\multimedia_sim.dat,brotli,2058300,2058308.0,0.0,0.9999961133124877,0.0,1.471587766121128,0.08741728257491597,1.7903645833333333,0.24675080385155565,3
mixed_backup_simulation_1600kb.dat,data\academic_corpora\heterogeneous_additional\mixed_backup_simulation_1600kb.dat,gzip,1626234,966651.0,0.0,1.6823382999655514,2.220446049250313e-16,16.331553624612553,0.18143719440558054,1.37890625,0.7568924290072808,3
mixed_backup_simulation_1600kb.dat,data\academic_corpora\heterogeneous_additional\mixed_backup_simulation_1600kb.dat,bzip2,1626234,931732.0,0.0,1.7453881588267872,2.220446049250313e-16,11.150670443194757,0.48215869023678215,1.7799479166666667,0.4686450982156937,3
mixed_backup_simulation_1600kb.dat,data\academic_corpora\heterogeneous_additional\mixed_backup_simulation_1600kb.dat,lzma,1626234,908832.0,0.0,1.789367011724939,2.220446049250313e-16,3.0234146379348625,0.16026706776255709,1.6901041666666667,0.5818899553514297,3
mixed_backup_simulation_1600kb.dat,data\academic_corpora\heterogeneous_additional\mixed_backup_simulation_1600kb.dat,zstd,1626234,916917.0,0.0,1.7735891034848301,0.0,2.397483547153371,0.14282672508082725,0.921875,0.008438464451051902,3
mixed_backup_simulation_1600kb.dat,data\academic_corpora\heterogeneous_additional\mixed_backup_simulation_1600kb.dat,brotli,1626234,890046.0,0.0,1.8271347773036453,2.220446049250313e-16,0.777231438946521,0.004981060380697732,1.3372395833333333,0.6785665844941187,3
mixed_binary_structured_1mb.dat,data\academic_corpora\heterogeneous_additional\mixed_binary_structured_1mb.dat,gzip,1098490,575780.0,0.0,1.907829379276807,0.0,14.247872050528137,1.323152703832897,0.8333333333333334,0.6244653746391899,3
mixed_binary_structured_1mb.dat,data\academic_corpora\heterogeneous_additional\mixed_binary_structured_1mb.dat,bzip2,1098490,598884.0,0.0,1.8342283313630017,2.220446049250313e-16,11.100574624344882,0.008626598111868602,0.87109375,0.6624597693170067,3
mixed_binary_structured_1mb.dat,data\academic_corpora\heterogeneous_additional\mixed_binary_structured_1mb.dat,lzma,1098490,442044.0,0.0,2.485024115246446,0.0,4.018337152223938,0.3439834945325853,0.6861979166666666,0.5575441163022563,3
mixed_binary_structured_1mb.dat,data\academic_corpora\heterogeneous_additional\mixed_binary_structured_1mb.dat,zstd,1098490,511267.0,0.0,2.1485642531201896,0.0,3.1683234438167425,0.38313039193134674,0.51171875,0.008438464451051902,3
mixed_binary_structured_1mb.dat,data\academic_corpora\heterogeneous_additional\mixed_binary_structured_1mb.dat,brotli,1098490,547486.0,0.0,2.00642573508729,0.0,0.21988036862320648,0.0028924541985434777,0.38359375,0.20058812453165067,3
mixed_code_binary_1mb.dat,data\academic_corpora\heterogeneous_additional\mixed_code_binary_1mb.dat,gzip,879779,561406.0,0.0,1.567099389746458,0.0,32.279695626975034,0.8505432182390896,0.5945312500000001,0.4300770014933856,3
mixed_code_binary_1mb.dat,data\academic_corpora\heterogeneous_additional\mixed_code_binary_1mb.dat,bzip2,879779,543756.0,0.0,1.6179665143924848,0.0,11.808228718615494,0.2682726659894747,0.4135416666666667,0.22555120320915434,3
mixed_code_binary_1mb.dat,data\academic_corpora\heterogeneous_additional\mixed_code_binary_1mb.dat,lzma,879779,520500.0,0.0,1.6902574447646497,2.220446049250313e-16,3.464879489000925,0.16540188041043274,0.5789062500000001,0.4288500361613894,3
mixed_code_binary_1mb.dat,data\academic_corpora\heterogeneous_additional\mixed_code_binary_1mb.dat,zstd,879779,517572.0,0.0,1.6998195420154107,2.220446049250313e-16,2.8774809648427087,0.1753274318514428,0.36796875,0.18948923088078556,3
mixed_code_binary_1mb.dat,data\academic_corpora\heterogeneous_additional\mixed_code_binary_1mb.dat,brotli,879779,530445.0,0.0,1.6585678062758626,0.0,0.9125165848696669,0.02115408567677714,0.3731770833333334,0.19322460405664496,3
mixed_code_logs_config_700kb.dat,data\academic_corpora\heterogeneous_additional\mixed_code_logs_config_700kb.dat,gzip,701463,65063.0,0.0,10.781288904600155,1.7763568394002505e-15,40.2492055583487,1.141146980263218,0.17213541666666665,0.1020148845774342,3
mixed_code_logs_config_700kb.dat,data\academic_corpora\heterogeneous_additional\mixed_code_logs_config_700kb.dat,bzip2,701463,41745.0,0.0,16.803521379805964,0.0,17.251620679702686,0.2880460061143393,0.10000000000000002,1.3877787807814457e-17,3
mixed_code_logs_config_700kb.dat,data\academic_corpora\heterogeneous_additional\mixed_code_logs_config_700kb.dat,lzma,701463,12020.0,0.0,58.357986688851916,0.0,3.0667776519788528,0.053911152678623744,0.10000000000000002,1.3877787807814457e-17,3
mixed_code_logs_config_700kb.dat,data\academic_corpora\heterogeneous_additional\mixed_code_logs_config_700kb.dat,zstd,701463,12298.0,0.0,57.038786794600746,0.0,1.386123174618903,0.011434891050293739,0.10000000000000002,1.3877787807814457e-17,3
mixed_code_logs_config_700kb.dat,data\academic_corpora\heterogeneous_additional\mixed_code_logs_config_700kb.dat,brotli,701463,22379.0,0.0,31.34469815451986,0.0,0.6863726581278868,0.006550581847898249,0.25286458333333334,0.21618316695651218,3
mixed_compressed_text_800kb.dat,data\academic_corpora\heterogeneous_additional\mixed_compressed_text_800kb.dat,gzip,809600,2387.0,0.0,339.1705069124424,0.0,98.97909193475203,91.76500456781348,0.134375,0.04861359120657514,3
mixed_compressed_text_800kb.dat,data\academic_corpora\heterogeneous_additional\mixed_compressed_text_800kb.dat,bzip2,809600,673.0,0.0,1202.9717682020803,0.0,10.795735967171638,1.0633794194878243,0.10182291666666667,0.002577993473075952,3
mixed_compressed_text_800kb.dat,data\academic_corpora\heterogeneous_additional\mixed_compressed_text_800kb.dat,lzma,809600,432.0,0.0,1874.0740740740741,0.0,25.72110672125559,0.9309895169035348,0.10000000000000002,1.3877787807814457e-17,3
mixed_compressed_text_800kb.dat,data\academic_corpora\heterogeneous_additional\mixed_compressed_text_800kb.dat,zstd,809600,276.0,0.0,2933.3333333333335,0.0,95.21885347055023,74.81757225384172,0.10000000000000002,1.3877787807814457e-17,3
mixed_compressed_text_800kb.dat,data\academic_corpora\heterogeneous_additional\mixed_compressed_text_800kb.dat,brotli,809600,167.0,0.0,4847.904191616766,0.0,23.442030115344675,5.643385899871591,0.5953125,0.7004776551129236,3
mixed_config_logs_800kb.dat,data\academic_corpora\heterogeneous_additional\mixed_config_logs_800kb.dat,gzip,632988,75958.0,0.0,8.333394770794387,0.0,42.511996606774126,5.495665909654,0.18515625,0.12042912367083387,3
mixed_config_logs_800kb.dat,data\academic_corpora\heterogeneous_additional\mixed_config_logs_800kb.dat,bzip2,632988,40240.0,0.0,15.73031809145129,1.7763568394002505e-15,12.733820227189403,0.026683230990912306,0.10572916666666667,0.008102265201095854,3
mixed_config_logs_800kb.dat,data\academic_corpora\heterogeneous_additional\mixed_config_logs_800kb.dat,lzma,632988,11152.0,0.0,56.760043041606885,0.0,3.2008368627844317,0.19570034365547365,0.10000000000000002,1.3877787807814457e-17,3
mixed_config_logs_800kb.dat,data\academic_corpora\heterogeneous_additional\mixed_config_logs_800kb.dat,zstd,632988,10925.0,0.0,57.93940503432494,0.0,1.989729258078807,0.05769181081013336,0.10000000000000002,1.3877787807814457e-17,3
mixed_config_logs_800kb.dat,data\academic_corpora\heterogeneous_additional\mixed_config_logs_800kb.dat,brotli,632988,18125.0,0.0,34.92347586206897,0.0,0.8119985879142443,0.010467581717735987,0.25286458333333334,0.21618316695651218,3
mixed_database_simulation_900kb.dat,data\academic_corpora\heterogeneous_additional\mixed_database_simulation_900kb.dat,gzip,847830,146097.0,0.0,5.803199244337666,0.0,16.774907405903093,0.250961050272007,0.1734375,0.10385630848677417,3
mixed_database_simulation_900kb.dat,data\academic_corpora\heterogeneous_additional\mixed_database_simulation_900kb.dat,bzip2,847830,57359.0,0.0,14.781115430882686,0.0,17.805010020712572,0.05284377630051538,0.18125,0.11490485194281397,3
mixed_database_simulation_900kb.dat,data\academic_corpora\heterogeneous_additional\mixed_database_simulation_900kb.dat,lzma,847830,23656.0,0.0,35.8399560365235,0.0,3.8530367747731944,0.07427181911293446,0.16041666666666665,0.0854420693933745,3
mixed_database_simulation_900kb.dat,data\academic_corpora\heterogeneous_additional\mixed_database_simulation_900kb.dat,zstd,847830,58959.0,0.0,14.379992876405638,0.0,2.924403704036161,0.09936197426453408,0.10000000000000002,1.3877787807814457e-17,3
mixed_database_simulation_900kb.dat,data\academic_corpora\heterogeneous_additional\mixed_database_simulation_900kb.dat,brotli,847830,110808.0,0.0,7.651342863331167,0.0,0.34259357586314004,0.0006853598209855228,0.10885416666666665,0.008938022032151308,3
mixed_html_csv_xml_600kb.dat,data\academic_corpora\heterogeneous_additional\mixed_html_csv_xml_600kb.dat,gzip,440799,92057.0,0.0,4.788326797527619,0.0,13.682556572605408,1.388053008053512,0.19479166666666667,0.0697061042680067,3
mixed_html_csv_xml_600kb.dat,data\academic_corpora\heterogeneous_additional\mixed_html_csv_xml_600kb.dat,bzip2,440799,71512.0,0.0,6.163986463810271,8.881784197001252e-16,5.745440970929145,0.1102424094687248,0.10000000000000002,1.3877787807814457e-17,3
mixed_html_csv_xml_600kb.dat,data\academic_corpora\heterogeneous_additional\mixed_html_csv_xml_600kb.dat,lzma,440799,59300.0,0.0,7.433372681281619,0.0,4.163199519903233,0.020436774812769776,0.10000000000000002,1.3877787807814457e-17,3
mixed_html_csv_xml_600kb.dat,data\academic_corpora\heterogeneous_additional\mixed_html_csv_xml_600kb.dat,zstd,440799,63334.0,0.0,6.959910948305807,0.0,3.745906979340488,0.07255684040091222,0.10000000000000002,1.3877787807814457e-17,3
mixed_html_csv_xml_600kb.dat,data\academic_corpora\heterogeneous_additional\mixed_html_csv_xml_600kb.dat,brotli,440799,54199.0,0.0,8.132972933079946,0.0,0.9849442823504209,0.004513197950841015,0.10000000000000002,1.3877787807814457e-17,3
mixed_interleaved_1500kb.dat,data\academic_corpora\heterogeneous_additional\mixed_interleaved_1500kb.dat,gzip,1607000,520840.0,0.0,3.085400506873512,0.0,72.0581930488277,3.9208569977650174,0.6223958333333334,0.3666653719792483,3
mixed_interleaved_1500kb.dat,data\academic_corpora\heterogeneous_additional\mixed_interleaved_1500kb.dat,bzip2,1607000,516853.0,0.0,3.1092012622544516,0.0,5.84496404599449,0.0178178748392209,1.2825520833333333,0.3793333253240333,3
mixed_interleaved_1500kb.dat,data\academic_corpora\heterogeneous_additional\mixed_interleaved_1500kb.dat,lzma,1607000,520004.0,0.0,3.0903608433781273,4.440892098500626e-16,8.186514212245811,0.0952490876074027,0.8111979166666666,0.4869756851479828,3
mixed_interleaved_1500kb.dat,data\academic_corpora\heterogeneous_additional\mixed_interleaved_1500kb.dat,zstd,1607000,513643.0,0.0,3.1286321433369095,4.440892098500626e-16,17.572911110150063,0.7636316259565973,0.5416666666666666,0.01573313277811793,3
mixed_interleaved_1500kb.dat,data\academic_corpora\heterogeneous_additional\mixed_interleaved_1500kb.dat,brotli,1607000,512814.0,0.0,3.133689797860433,0.0,1.2099146099945648,0.01618359874156594,1.8080729166666665,1.273396972344189,3
mixed_markdown_images_1300kb.dat,data\academic_corpora\heterogeneous_additional\mixed_markdown_images_1300kb.dat,gzip,1171044,776649.0,0.0,1.507816272215634,0.0,21.151214287324663,0.7509483697958481,0.91796875,0.6983125237738294,3
mixed_markdown_images_1300kb.dat,data\academic_corpora\heterogeneous_additional\mixed_markdown_images_1300kb.dat,bzip2,1171044,774442.0,0.0,1.5121132376601476,0.0,5.493718065670179,0.3335571293416203,1.6588541666666667,0.6481812160876685,3
mixed_markdown_images_1300kb.dat,data\academic_corpora\heterogeneous_additional\mixed_markdown_images_1300kb.dat,lzma,1171044,784980.0,0.0,1.4918138041733549,2.220446049250313e-16,4.258064415746932,0.4801523834859943,0.9539062500000001,0.7462588440814566,3
mixed_markdown_images_1300kb.dat,data\academic_corpora\heterogeneous_additional\mixed_markdown_images_1300kb.dat,zstd,1171044,769470.0,0.0,1.5218838941089323,2.220446049250313e-16,8.450031832956965,0.39313725113818393,0.7786458333333334,0.016366933710906945,3
mixed_markdown_images_1300kb.dat,data\academic_corpora\heterogeneous_additional\mixed_markdown_images_1300kb.dat,brotli,1171044,770104.0,0.0,1.5206309797118311,0.0,1.3774516198473723,0.020041335185481676,0.9877604166666667,0.6457639201609185,3
mixed_media_simulation_1200kb.dat,data\academic_corpora\heterogeneous_additional\mixed_media_simulation_1200kb.dat,gzip,1106349,1047445.0,0.0,1.0562358882805303,0.0,24.154369322577068,2.3646435430871096,1.2005208333333333,0.28357928203835503,3
mixed_media_simulation_1200kb.dat,data\academic_corpora\heterogeneous_additional\mixed_media_simulation_1200kb.dat,bzip2,1106349,1047135.0,0.0,1.056548582560988,0.0,9.471207947843835,0.399224663862102,1.0723958333333334,0.8251029107741988,3
mixed_media_simulation_1200kb.dat,data\academic_corpora\heterogeneous_additional\mixed_media_simulation_1200kb.dat,lzma,1106349,1036300.0,0.0,1.0675952909389173,0.0,3.1676054144011796,0.039521175258570594,1.8294270833333333,0.6403258744400624,3
mixed_media_simulation_1200kb.dat,data\academic_corpora\heterogeneous_additional\mixed_media_simulation_1200kb.dat,zstd,1106349,1036559.0,0.0,1.0673285360505287,0.0,8.262786323770815,0.7553558865331836,1.0338541666666667,0.02171006770902743,3
mixed_media_simulation_1200kb.dat,data\academic_corpora\heterogeneous_additional\mixed_media_simulation_1200kb.dat,brotli,1106349,1035847.0,0.0,1.0680621752054116,0.0,0.687651226533664,0.008299463506013403,1.5377604166666667,0.774320396049237,3
mixed_multimedia_2mb.dat,data\academic_corpora\heterogeneous_additional\mixed_multimedia_2mb.dat,gzip,2263302,642596.0,0.0,3.5221227645363498,4.440892098500626e-16,65.89289402845837,8.149632864002632,0.8723958333333334,0.5629730119607694,3
mixed_multimedia_2mb.dat,data\academic_corpora\heterogeneous_additional\mixed_multimedia_2mb.dat,bzip2,2263302,633679.0,0.0,3.5716853485755404,0.0,6.108362213333851,0.1011407182547154,1.4244791666666667,0.579147580058699,3
mixed_multimedia_2mb.dat,data\academic_corpora\heterogeneous_additional\mixed_multimedia_2mb.dat,lzma,2263302,633060.0,0.0,3.575177708274097,0.0,7.510306710557811,0.16364160820113435,0.9036458333333334,0.5289504202588499,3
mixed_multimedia_2mb.dat,data\academic_corpora\heterogeneous_additional\mixed_multimedia_2mb.dat,zstd,2263302,626197.0,0.0,3.6143609758590345,4.440892098500626e-16,9.163840475077563,0.7268817355953785,0.6276041666666666,0.008026580733032522,3
mixed_multimedia_2mb.dat,data\academic_corpora\heterogeneous_additional\mixed_multimedia_2mb.dat,brotli,2263302,624053.0,0.0,3.6267784947752837,0.0,1.191675962392861,0.019444500172360983,0.8796875000000001,0.7755070166107461,3
mixed_network_packets_950kb.dat,data\academic_corpora\heterogeneous_additional\mixed_network_packets_950kb.dat,gzip,792943,300180.0,0.0,2.641558398294357,0.0,29.23361208824799,8.95902526734228,0.4973958333333333,0.3713517925940943,3
mixed_network_packets_950kb.dat,data\academic_corpora\heterogeneous_additional\mixed_network_packets_950kb.dat,bzip2,792943,257357.0,0.0,3.081101349487288,0.0,16.566885170875636,2.6700009260614466,0.33151041666666664,0.20087529547357788,3
mixed_network_packets_950kb.dat,data\academic_corpora\heterogeneous_additional\mixed_network_packets_950kb.dat,lzma,792943,241492.0,0.0,3.283516638232322,0.0,3.9323481686758837,0.22236967598859794,0.3223958333333333,0.1593141393871886,3
mixed_network_packets_950kb.dat,data\academic_corpora\heterogeneous_additional\mixed_network_packets_950kb.dat,zstd,792943,246360.0,0.0,3.218635330410781,0.0,2.003555311478248,0.07408943365324538,0.19479166666666667,0.06702783029997482,3
mixed_network_packets_950kb.dat,data\academic_corpora\heterogeneous_additional\mixed_network_packets_950kb.dat,brotli,792943,240912.0,0.0,3.291421763963605,0.0,0.4164577457635336,0.0043649119051169145,0.18776041666666665,0.12411197148951379,3
mixed_spreadsheet_1100kb.dat,data\academic_corpora\heterogeneous_additional\mixed_spreadsheet_1100kb.dat,gzip,2234168,1247572.0,0.0,1.7908128749282606,0.0,6.494919780426116,0.39321231050784916,1.390625,0.28173785812901503,3
mixed_spreadsheet_1100kb.dat,data\academic_corpora\heterogeneous_additional\mixed_spreadsheet_1100kb.dat,bzip2,2234168,1158693.0,0.0,1.9281794228497109,0.0,11.98023117675642,0.3025111343830817,1.5091145833333333,0.7901146381969236,3
mixed_spreadsheet_1100kb.dat,data\academic_corpora\heterogeneous_additional\mixed_spreadsheet_1100kb.dat,lzma,2234168,1186028.0,0.0,1.8837396756231726,0.0,2.4007755432180784,0.21642059174252545,1.16796875,0.04971844555217912,3
mixed_spreadsheet_1100kb.dat,data\academic_corpora\heterogeneous_additional\mixed_spreadsheet_1100kb.dat,zstd,2234168,1151436.0,0.0,1.9403318986031355,0.0,3.4876521382823333,0.03124456582371792,1.1276041666666667,0.003682847818679935,3
mixed_spreadsheet_1100kb.dat,data\academic_corpora\heterogeneous_additional\mixed_spreadsheet_1100kb.dat,brotli,2234168,1168561.0,0.0,1.9118967687608948,0.0,0.635286339826439,0.020088029122784762,0.5059895833333333,0.4398866881301334,3
mixed_text_binary_json_500kb.dat,data\academic_corpora\heterogeneous_additional\mixed_text_binary_json_500kb.dat,gzip,522362,222607.0,0.0,2.346565921107602,0.0,33.9153507820077,1.215422604382678,0.37890625,0.2986685133377387,3
mixed_text_binary_json_500kb.dat,data\academic_corpora\heterogeneous_additional\mixed_text_binary_json_500kb.dat,bzip2,522362,220216.0,0.0,2.372043811530497,0.0,4.990616739524124,0.0633086334037353,0.3828125,0.23908037106405244,3
mixed_text_binary_json_500kb.dat,data\academic_corpora\heterogeneous_additional\mixed_text_binary_json_500kb.dat,lzma,522362,213280.0,0.0,2.4491841710427606,0.0,4.6345009277577995,0.08598718533990672,0.3653645833333334,0.29531961888832786,3
mixed_text_binary_json_500kb.dat,data\academic_corpora\heterogeneous_additional\mixed_text_binary_json_500kb.dat,zstd,522362,213390.0,0.0,2.447921645812831,0.0,8.623564144879351,0.4503632471288277,0.17265624999999998,0.05140047143306826,3
mixed_text_binary_json_500kb.dat,data\academic_corpora\heterogeneous_additional\mixed_text_binary_json_500kb.dat,brotli,522362,212766.0,0.0,2.4551009089798184,0.0,0.9825128665846417,0.017135113759969126,0.9187500000000001,0.9905412030804169,3
bible.txt,data\academic_corpora\large\bible.txt,gzip,4047392,1177362.0,0.0,3.4376784710225063,0.0,8.407810201719274,0.1167945595095304,1.32421875,0.28173785812901503,3
bible.txt,data\academic_corpora\large\bible.txt,bzip2,4047392,845635.0,0.0,4.786216275343381,0.0,13.729636974253294,0.20608500267356625,1.6744791666666667,0.5794285463464677,3
bible.txt,data\academic_corpora\large\bible.txt,lzma,4047392,885184.0,0.0,4.572373653387318,0.0,2.0568490614211252,0.14357730443727865,1.3203125,0.7017637285647974,3
bible.txt,data\academic_corpora\large\bible.txt,zstd,4047392,892255.0,0.0,4.536138211609909,0.0,2.1498374255930623,0.09194767650857918,0.8697916666666666,0.006639348324990605,3
bible.txt,data\academic_corpora\large\bible.txt,brotli,4047392,889339.0,0.0,4.551011481561025,0.0,0.5566187932018719,0.005622749234401879,2.19921875,1.2860325817926588,3
E.coli,data\academic_corpora\large\E.coli,gzip,4638690,1299729.0,0.0,3.56896706928906,4.440892098500626e-16,1.0471603800876965,0.002904394538693904,1.44140625,0.28173785812901503,3
E.coli,data\academic_corpora\large\E.coli,bzip2,4638690,1251004.0,0.0,3.7079737554795984,4.440892098500626e-16,12.336907729028189,0.1838009826506909,1.2369791666666667,0.05892556509887896,3
E.coli,data\academic_corpora\large\E.coli,lzma,4638690,1186488.0,0.0,3.909597062928576,0.0,1.3402039724582622,0.051654570115850985,1.1432291666666667,0.01473139127471974,3
E.coli,data\academic_corpora\large\E.coli,zstd,4638690,1151083.0,0.0,4.029848412321266,0.0,1.3860120221492425,0.07614664857821511,1.1393229166666667,0.022627795829404645,3
E.coli,data\academic_corpora\large\E.coli,brotli,4638690,1138114.0,0.0,4.0757692111686525,0.0,0.38002049384017056,0.0036717002060938585,0.7299479166666667,0.4466975597117479,3
world192.txt,data\academic_corpora\large\world192.txt,gzip,2473400,721957.0,0.0,3.4259658123683265,0.0,15.521165670918384,0.7799807606424379,0.6257812500000001,0.3979536482051543,3
world192.txt,data\academic_corpora\large\world192.txt,bzip2,2473400,489583.0,0.0,5.05205450352647,0.0,13.378782127824527,0.7177281604572471,0.10833333333333334,0.01178511301977579,3
world192.txt,data\academic_corpora\large\world192.txt,lzma,2473400,487492.0,0.0,5.0737242867575265,0.0,2.992436285970706,0.1593645320739526,0.8528645833333334,0.5216497507490991,3
world192.txt,data\academic_corpora\large\world192.txt,zstd,2473400,503855.0,0.0,4.908951980232408,0.0,2.270237503649095,0.04219088397509119,0.5325520833333334,0.006639348324990605,3
world192.txt,data\academic_corpora\large\world192.txt,brotli,2473400,474913.0,0.0,5.208111801529965,0.0,0.556650676491678,0.011033075746397173,1.10625,0.9429330418190713,3
pi.txt,data\academic_corpora\miscellaneous\pi.txt,gzip,1000000,470462.0,0.0,2.125570184201912,0.0,10.897951501519458,1.0990879706626515,0.6791666666666667,0.41353707491153546,3
pi.txt,data\academic_corpora\miscellaneous\pi.txt,bzip2,1000000,431671.0,0.0,2.316579061368496,0.0,11.950662383645009,0.26622938054504425,0.7239583333333334,0.2838481937444977,3
pi.txt,data\academic_corpora\miscellaneous\pi.txt,lzma,1000000,437952.0,0.0,2.2833552535437676,0.0,2.9991455072927837,0.1097705647131671,0.7572916666666667,0.5496511875284078,3
pi.txt,data\academic_corpora\miscellaneous\pi.txt,zstd,1000000,426148.0,0.0,2.346602588771976,0.0,3.4178131223081287,0.09395353392958203,0.30807291666666664,0.14713841258011864,3
pi.txt,data\academic_corpora\miscellaneous\pi.txt,brotli,1000000,424914.0,0.0,2.3534173974027683,0.0,1.1251789939631218,0.01870762954324134,1.16875,1.1433317270814458,3
